Year,Market Name,Borough,Street Address,Community District,Latitude,Longitude,Days of Operation,Hours of Operations,Season Dates,Accepts EBT,Open Year-Round,Stellar Cooking Demonstrations
2025,175th Street Greenmarket,Manhattan,W. 175th St. bet. Wadsworth Ave. & Broadway,112,40.845948,-73.937811,Thursday,8 a.m. - 4p.m.,,Yes,No,No
2025,4th Ave Sunset Park Greenmarket,Brooklyn,4th Ave. 60th St.,307,40.647975,-74.003744,Saturday,8 a.m. - 3 p.m.,,Yes,No,No
2025,57th Street Greenmarket,Manhattan,57th St. & 10th Ave.,104,40.769117,-73.988559,Saturday,8 a.m. - 3 p.m.,,Yes,No,No
2025,79th Street Greenmarket,Manhattan,79th St. & Columbus Ave.,107,40.782295,-73.975244,Sunday,9 a.m. - 4 p.m,,Yes,Yes,No
2025,7th Ave Sunset Park Greenmarket,Brooklyn,7th Ave. & 44th St.,307,40.645841,-74.002402,Saturday,8 a.m. - 3 p.m.,,Yes,Yes,No
2025,82nd Street Greenmarket,Manhattan,82nd St. bet. 1st & York Aves,108,40.774292,-73.951262,Saturday,9 a.m. - 2:30 p.m.,,Yes,Yes,No
2025,97th Street Greenmarket,Manhattan,97th St. bet. Columbus & Amsterdam Aves,107,40.794003,-73.96807,Friday,8 a.m. - 2 p.m.,,Yes,Yes,No
2025,Abingdon Square Park Greenmarket,Manhattan,Hudson St. & W 12th St.,102,40.737553,-74.005687,Saturday,8 a.m. - 2 p.m.,,Yes,Yes,No
2025,Bartel-Pritchard Square Greenmarket,Brooklyn,Prospect Park W at 15th St.,355,40.661354,-73.96968,Wednesday & Sunday (starting 5/5),8 a.m. - 2 p.m. (W); 9 a.m. - 2 p.m. (SU),,Yes,Yes (Wednesday),No
2025,Bay Ridge Greenmarket,Brooklyn,3rd Ave. & 95th St.,310,40.61781,-74.03338,Saturday,8 a.m. - 3 p.m.,,Yes,No,No
2025,Bed-Stuy Farmstand,Brooklyn,Decatur St & Lewis Ave,303,40.681376,-73.933948,Saturday,9 a.m. - 2:30 p.m.,,Yes,No,No
2025,Bensonhurst Greenmarket,Brooklyn,18th Ave. bet. 81st & 82nd Sts,311,40.609588,-73.999677,Sunday,9 a.m. - 3 p.m.,,Yes,No,No
2025,Bissel Gardens Farmers Market,Bronx,Baychester Ave & E 241st St,212,40.90152,-73.846937,Saturday,10 a.m.- 4 p.m.,,Yes,No,No
2025,Black Radish Farmstand,Brooklyn,12020 Flatlands Ave.,305,40.651172,-73.889936,Saturday,noon - 4 p.m.,,Yes,No,No
2025,Boro Park Greenmarket,Brooklyn,14th Ave. bet. 49th & 50th Sts,312,40.633285,-73.990548,Thursday,8 a.m. - 2 p.m.,,Yes,No,No
2025,Bowling Green Greenmarket,Manhattan,Broadway at Battery Pl.,101,40.704549,-74.01429,Tuesday,8 a.m. - 3 p.m.,,Yes,No,No
2025,Bro Sis Green Youth Market,Manhattan,"Amsterdam bet W 143rd & 144th Sts., at Johnny Hartman Plaza",109,40.82394,-73.948552,Wednesday,10:30 a.m. - 6 p.m.,,Yes,No,No
2025,Bronx Borough Hall Greenmarket,Bronx,161st St. & Grand Concourse,204,40.827335,-73.922911,Tuesday,8 a.m. - 4 p.m.,,Yes,No,No
2025,Bronx Park East (BxPE) Farmers Market,Bronx,"2045 Bronx Park East, Bronx Park (Bradley Playground)",211,40.851713,-73.867786,Sunday,9 a.m. - 4 p.m.,,Yes,No,No
2025,BronxWorks Farm Stand,Bronx,1130 Grand Concourse,204,40.832759,-73.919296,Thursday,10 a.m.-2 p.m.,,Yes,No,No
2025,Brooklyn Borough Hall Greenmarket,Brooklyn,Montague & Court Sts,302,40.693722,-73.990455,Tusday & Saturday,8 a.m. - 3 p.m.,,Yes,Yes,No
2025,Brownsville Pitkin Farmstand,Brooklyn,Pitkin Ave. & Thomas Boyland St.,316,40.669234,-73.913698,Saturday,10 a.m. - 3 p.m.,,Yes,No,No
2025,Carroll Gardens Greenmarket,Brooklyn,Smith & Carroll Sts,306,40.680761,-73.99552,Sunday,8 a.m. - 2 p.m.,,Yes,Yes,No
2025,Children's Aid Go!Healthy Food Box + Farmstand - CS211,Bronx,1919 Prospect Ave.,206,40.843546,-73.889755,Thursday,1:30 p.m. - 4 p.m.,,Yes,No,No
2025,Children's Aid Go!Healthy Food Box + Farmstand - Goodhue Center,Staten Island,304 Prospect Ave.,501,40.638936,-74.097966,Tuesday,1:30 p.m. - 4:30 p.m.,,Yes,No,No
2025,Children's Aid Go!Healthy Food Box + Farmstand - Milbank Center,Manhattan,14-32 W. 118th St.,110,40.802317,-73.946351,Wednesday,2:30 p.m. - 5:30 p.m.,,Yes,No,No
2025,Children's Aid Go!Healthy Food Box + Farmstand - PS 152,Manhattan,93 Nagle Ave.,112,40.860412,-73.927936,Tuesday,2 p.m - 5 p.m.,,Yes,No,No
2025,City Hall Greenmarket,Manhattan,Broadway btw Chambers St and Warrent St,101,40.713696,-74.00672,Tuesdays,8 a.m. - 4 p.m.,,Yes,No,No
2025,Columbia Greenmarket,Manhattan,Broadway & W. 114th St.,109,40.807145,-73.964265,Thursday & Sunday,8 a.m. - 4 p.m.,,Yes,Yes,No
2025,Corona Greenmarket,Queens,Roosevelt Ave. & 103rd St.,403,40.749869,-73.862726,Friday,8 a.m. - 3 p.m.,,Yes,No,No
2025,Cortelyou Greenmarket,Brooklyn,Cortelyou Rd. bet. Rugby & Argyle Rds,314,40.64051,-73.966021,Sunday,8 a.m. - 2 p.m.,,Yes,Yes,No
2025,Crown Heights Farmstand,Brooklyn,Nostrand Ave. & Crown St. (NW corner),309,40.666472,-73.950807,Friday,9:30 a.m. - 2:30 p.m.,,Yes,No,No
2025,Cypress Hills Farmstand,Brooklyn,Fulton St. between Richmond and Logan Sts. ((in front of Cypress Hills Senior Center),305,40.682391,-73.913554,Friday,9 a.m. - 2 p.m.,,Yes,No,Yes
2025,Dag Hammarskjold Greenmarket,Manhattan,E 47th St & 2nd Ave,106,40.752122,-73.968154,Wednesday,8 a.m. - 3 p.m.,,Yes,Yes,No
2025,Domino Park Greenmarket,Brooklyn,River St. bet. S 2nd & S 3rd Sts,301,40.715404,-73.967423,Sunday,8 a.m. - 3 p.m.,,Yes,No,No
2025,Down to Earth Chelsea Farmers Market,Manhattan,355 W. 23rd St.,104,40.745944,-74.000004,Saturday,9 a.m. - 2 p.m.,,Yes,No,No
2025,Down to Earth Cunningham Park Farmers Market,Queens,19600 Union Turnpike,408,40.730929,-73.774773,Sunday,9 a.m. - 2 p.m.,,Yes,No,No
2025,Down to Earth McGolrick Park Farmers Market,Brooklyn,108 Russell St.,301,40.724305,-73.944271,Sunday,9 a.m. - 2 p.m.,,Yes,Yes,No
2025,Down to Earth Morningside Park Farmers Market,Manhattan,237-331 Manhattan Ave.,107,40.801263,-73.959582,Saturday,9 a.m. - 2 p.m.,,Yes,Yes,No
2025,Down to Earth Park Slope Farmers Market,Brooklyn,289 4th St.,306,40.672424,-73.984257,Sunday,9 a.m. - 2 p.m.,,Yes,Yes,No
2025,East New York Farm Stand,Brooklyn,Euclid & Pitkin Aves.,305,40.675404,-73.871914,Thursday,1-5 p.m.,,Yes,No,No
2025,East New York Farmers Market,Brooklyn,Schenck Avenue between New Lots and Livonia Avenues,305,40.665296,-73.886557,Saturday,9 a.m. - 3 p.m.,,Yes,No,Yes
2025,Eastchester Farmstand,Bronx,E 229th St. bet. Schieffelin Pl. & Needham Ave.,212,40.88372,-73.842046,Wednesday,10 a.m. - 3 p.m.,,Yes,No,Yes
2025,Edgemere Farm Market,Queens,385 Beach 45th St,414,40.595255,-73.776524,Friday & Saturday,3 p.m. - 6 p.m. (Friday); 10 a.m. - 1 p.m. (Saturday),,Yes,No,No
2025,Elmhurst Hospital Greenmarket,Queens,41st Ave. bet. 80th & 81st Sts,404,40.745794,-73.885489,Tuesday,8 a.m. - 3 p.m.,,Yes,No,No
2025,Far Rock Farm Stand,Queens,45-55 Beach Channel Dr.,414,40.595572,-73.777001,Saturday,10 a.m. - 2 p.m.,,Yes,No,No
2025,Flushing Greenmarket,Queens,Sanford Ave. & Union St. (Bowne Playground),407,40.757731,-73.824852,Wednesday,8 a.m. - 3 p.m.,,Yes,No,No
2025,Forest Hills Greenmarket,Queens,Queens Blvd. & 70th Ave.,406,40.722054,-73.847155,Sunday,8 a.m. - 2 p.m.,,Yes,Yes,No
2025,Forest Park Farmstand,Queens,Park Lane S. & Myrtle Ave. (My Buddy Statue plaza),409,40.701192,-73.841597,Saturday,9 a.m. - 2:30 p.m.,,Yes,No,No
2025,Fort Greene Greenmarket,Brooklyn,Washington Park & Dekalb Ave.,302,40.691457,-73.973421,Saturday,8 a.m. - 3 p.m.,,Yes,Yes,No
2025,Fort Washington Greenmarket,Manhattan,168th St. & Ft. Washington Ave.,112,40.842296,-73.942027,Tuesday,8 a.m. - 4 p.m.,,Yes,No,No
2025,Fresh Vibes Market at Brookdale Hospital,Brooklyn,1 Brookdale Plaza,317,40.654163,-73.911584,Friday (1st and 3rd of each month),11 a.m. - 2 p.m.,,Yes,Yes,No
2025,Fresh Vibes Market at Emblem Health Crown Heights,Brooklyn,546 Eastern Pkwy,309,40.669826,-73.949958,Wednesday (3rd Wednesday of each month),11 a.m. - 3 p.m.,,Yes,Yes,No
2025,Fresh Vibes Market at Emblem Health East New York,Brooklyn,101 Pennsylvania Ave.,305,40.6753,-73.896728,Wednesday (2nd of each month),11 a.m. - 3 p.m.,,Yes,Yes,No
2025,Fresh Vibes Market at Medgar Evers College,Brooklyn,1650 Bedford Ave.,309,40.666269,-73.956676,Monday (1st and 3rd),10 a.m. - 2 p.m.,,Yes,No,No
2025,Fresh Vibes Market at the Bureau of Brooklyn Neighborhood Health,Brooklyn,485 Throop Ave.,303,40.685654,-73.941462,Friday (2nd and 4th),11 a.m. - 2 p.m.,,Yes,Yes,No
2025,"Fresh Vibes Market at the Local Development Corportation of Crown Heights, Inc.",Brooklyn,252 Kingston Ave.,308,40.670929,-73.942062,Tuesday (1st of each month),11 a.m. - 2 p.m.,,Yes,Yes,No
2025,Fulton Stall Market (indoor farmers market),Manhattan,91 South St. bet. Fulton & John Sts.,101,40.705865,-74.003769,Mon-Sat,11:30 a.m. - 5 p.m.,,Yes,Yes,No
2025,Gouverneur Health Farmstand,Manhattan,Madison St. bet. Clinton & Jefferson Sts.,103,40.712905,-73.986928,Friday,8:30 a.m. - 2 p.m.,,Yes,No,No
2025,Grand Army Plaza Greenmarket,Brooklyn,Grand Army Plaza,308,40.672525,-73.969799,Saturday,8 a.m. - 4 p.m.,,Yes,Yes,No
2025,Grass Roots Farmers' Market,Manhattan,"W 145th St bet Edgecombe & Bradhurst Aves, at Jackie Robinson Park",109,40.823647,-73.943844,Tuesday & Saturday,9 a.m. - 4 p.m.,,Yes,No,Yes
2025,Greenmarket at Rockefeller Center,Manhattan,Rockefeller Center Plaza at 50th St.,105,40.759204,-73.978335,Wednesday,8 a.m. - 5 p.m.,,Yes,No,No
2025,Harlem Health Market,Manhattan,163 W 125th St.,110,40.8089152,-73.9475966,Saturday,9 a.m. - 4 p.m.,,Yes,No,No
2025,Harvest Home Coney Island Hospital Farmers Market,Brooklyn,Ocean Pkwy bet. Avenue Z & Shore Pkwy.,313,40.5867,-73.96615,Friday,8 a.m. - 3 p.m.,,Yes,No,No
2025,Harvest Home Co-op City Farm Stand,Bronx,Asch Loop & Aldrich Ave.,210,40.8702,-73.830963,Wednesday & Saturdays,8 a.m. - 3 p.m.,,Yes,No,No
2025,Harvest Home East Harlem Farmers Market,Manhattan,E. 104th St. & 3rd Ave.,111,40.7903,-73.945635,Thursday,8 a.m. - 3 p.m.,,Yes,No,No
2025,Harvest Home Hunts Point Farm Stand,Bronx,Southern Blvd. bet. Barretto & Tiffany Sts. (Luis Suarez Memorial Park),202,40.81894,-73.893492,Wednesday,8 a.m. - 3 p.m.,,Yes,No,No
2025,Harvest Home Jacobi Hospital Farmers Market,Bronx,1400 Pelham Pkwy,211,40.8574,-73.847079,Friday,8 a.m. - 3 p.m.,,Yes,No,No
2025,Harvest Home Metropolitan Hospital Farmers Market,Manhattan,E. 97th St. & 2nd Ave.,111,40.784943,-73.946589,Friday,8 a.m. - 3 p.m.,,Yes,No,No
2025,Harvest Home Mt. Eden Malls Farmers Market,Bronx,Mt. Eden & Morris Aves. (Claremont Park),204,40.8429,-73.909558,Tuesday & Thursday,8 a.m. - 3 p.m.,,Yes,No,No
2025,Heritage Farm Stand (Compost Demonstration Site),Staten Island,1000 Richmond Terrace (compost demonstration site),501,40.645075,-74.104753,Thursday & Saturday,3:30 p.m. - 6 p.m. (Thursday); 9 a.m. - 12 p.m. (Saturday),,Yes,No,No
2025,Inwood Greenmarket,Manhattan,Isham St. bet. Seaman Ave. & Cooper St.,112,40.869001,-73.920896,Saturday,8 a.m. - 3 p.m.,,Yes,Yes,No
2025,Isabahlia Farmers Market at ISO Student Farm,Brooklyn,514 Rockaway Ave (ISO Student Farm),316,40.667554,-73.910207,Friday & Saturday,8 a.m. - 3 p.m.,,Yes,No,No
2025,Isabahlia Farmers Market at Powell Street Garden,Brooklyn,410 Livonia Ave (In Front of Powell Street Garden),316,40.663532,-73.902236,Friday & Saturday,8 a.m. - 3 p.m.,,Yes,No,No
2025,Jackson Heights Greenmarket,Queens,34th Ave. & 79th St.,403,40.753607,-73.887739,Sunday,8 a.m. - 3 p.m.,,Yes,Yes,No
2025,JBOLC Garden Community Farmers Market,Bronx,100 W Mosholu Pkwy (James Baldwin Plaza),207,40.882178,-73.88691,Saturday,10 a.m. - 3 p.m.,,Yes,No,No
2025,La Familia Verde Farmers Market,Bronx,E. Tremont Ave. bet. Arthur Ave & LaFontaine Ave.,206,40.846448,-73.893563,Tuesday,9 a.m. - 3 p.m.,,Yes,No,Yes
2025,La Familia Verde Farmers Market Highbridge Farmers Market,Bronx,1430 Plimpton Avenue,204,40.843627,-73.922243,Wednesday,10 a.m. - 2 p.m.,,Yes,No,No
2025,La Familia Verde Southern Boulevard Farmers Market,Bronx,1070 Southern Boulevard,202,40.824955,-73.891918,Thursday,10 a.m. - 1 p.m.,,Yes,No,No
2025,Lenox Hill Farmstand,Manhattan,1st Ave. & 70th St. (Lenox Hill Neighborhood House),108,40.766925,-73.95795,Thursday,11 a.m. - 4 p.m.,,Yes,No,No
2025,Lincoln Hospital Greenmarket,Bronx,E. 149th St. bet. Park & Morris Aves,201,40.818013,-73.925185,Tuesdays & Fridays,8 a.m. - 3 p.m.,,Yes,No,Yes
2025,Lower East Side Farmstand,Manhattan,Grand St. bet. Pitt & Willett Sts. (outside of Abrons Arts Center),103,40.71521,-73.984258,Friday,9 a.m. - 1 :30 p.m.,,Yes,No,No
2025,McCarren Park Greenmarket,Brooklyn,N 12th btwn Union & Driggs Aves,301,40.719219,-73.952479,Saturday,8 a.m. - 3 p.m.,,Yes,Yes,No
2025,Morning Glory Market at the New York Botanical Gardens,Bronx,2900 Southern Blvd. (inside the Moshulu Gate entrance),227,40.865684,-73.883312,Wednesday,10 a.m. - 3 p.m.,,Yes,No,No
2025,Morris Heights Farmstand,Bronx,University Avenue and W Burnside Ave. (NE corner),205,40.854925,-73.911078,Wednesday,9:30 a.m. - 2:30 p.m.,,Yes,No,Yes
2025,Morrisania Farmstand,Bronx,169th St. & Boston Rd. (at McKinley Square),203,40.83118,-73.900545,Wednesday,10 a.m. - 2 p.m.,,Yes,No,No
2025,Mott Haven Farm Stand,Bronx,541 E 139th St. (Padre Plaza Garden),201,40.807883,-73.917885,Wednesday,9 a.m. - 1 p.m.,,Yes,No,No
2025,Mount Sinai Greenmarket,Manhattan,99th St. & Madison Ave.,111,40.789386,-73.952595,Wednesday,8 a.m. - 3 p.m.,,Yes,No,No
2025,New Roots Farm Stand,Bronx,670 Grand Concourse,204,40.821447,-73.925492,Saturday,10 a.m. - 3 p.m.,,Yes,No,No
2025,Norwood Farmstand,Bronx,E. Gun Hill Rd. & Dekalb Ave. (SE corner),207,40.88222,-73.880458,Thursday,9:30 a.m. - 2:30 p.m.,,Yes,No,Yes
2025,Parkchester Greenmarket,Bronx,Westchester Ave. & White Plains Rd.,209,40.833279,-73.862833,Friday,8 a.m. - 3 p.m.,,Yes,No,No
2025,Perez Farm Stand,Queens,"134-20 Jamaica Avenue, by the Axel Building",409,40.70236,-73.818531,Wednesday,10 a.m. - 4 p.m.,,Yes,No,No
2025,Poe Park Greenmarket,Bronx,E 192nd St. bet. Grand Concourse & Valentine,207,40.86431,-73.895379,Tuesday,8 a.m. - 3 p.m.,,Yes,No,No
2025,Project EATS & St. Barnabas Hospital Farm Stand,Bronx,4507 3rd Ave.,206,40.853237,-73.891742,Wednesday,11 a.m. - 4 p.m.,,Yes,No,No
2025,Project EATS Brownsville Farm Stand,Brooklyn,300 Chester St.,316,40.664477,-73.910384,Thursday,11 a.m. - 4 p.m.,,Yes,No,No
2025,Project EATS Farm Stand at Essex Crossing,Manhattan,115 Delancey St.,103,40.719322,-73.987817,TBD,11 a.m. - 4 p.m.,,Yes,No,No
2025,Project EATS Farm Stand at The Crossing,Manhattan,1956 1st Avenue,111,40.786236,-73.942511,Saturday,11 a.m. - 3 p.m.,,Yes,No,No
2025,PS 11 Farm Market,Manhattan,320 W. 21st St.,104,40.744349,-74.000253,Wednesday,8 a.m. - 10 a.m.,,No,No,No
2025,PS 178 Farmers Market,Brooklyn,2163 Dean St.,316,40.675024,-73.915778,Wednesday,noon - 3 p.m.,,Yes,Yes,No
2025,PS 57 Farmstand,Manhattan,115th St. & 3rd Ave. (SW corner),111,40.797577,-73.94128,Thursday,10 a.m. - 3 p.m.,,Yes,No,Yes
2025,Queens County Farm Museum Farm Stand,Queens,73-50 Little Neck Pkwy,413,40.748163,-73.719431,Wednesday - Sunday,10 a.m. - 4 p.m.,,Yes,No,No
2025,Queens Farm - Queens Borough Hall,Queens,120-55 QueensBlvd.,409,40.713318,-73.82858,Thursday,10 a.m. - 3 p.m.,,Yes,No,No
2025,Queens Farm @ Jamaica Hospital,Queens,134-20 Jamaica Ave.,409,40.70236,-73.818531,Friday,10 a.m. - 3 p.m.,,Yes,No,No
2025,Red Hook Farm Stand,Brooklyn,560 Columbia St.,306,40.672524,-74.00871,Saturday,10 a.m. - 2 p.m.,,Yes,No,No
2025,Ridgewood Farmstand,Queens,Cypress Ave bet. Myrtle & Putnam Aves.,405,40.700403,-73.90668,Saturday,9:30 a.m. - 2 p.m.,,Yes,No,No
2025,RiseBoro Farmers Markets at Hope Ballfield,Brooklyn,Knickerbocker Ave. bet. Menahan & Grove Sts.,304,40.69768,-73.916366,Wednesday,9 a.m. - 3 p.m.,,Yes,No,No
2025,RiseBoro Farmers Markets at Irving Square Park,Brooklyn,"Knickerbocker Ave., bet. Weirfield & Halsey Sts.",304,40.693761,-73.909497,Sunday,9a.m. - 2 p.m.,,Yes,No,Yes
2025,RiseBoro Farmers Markets at Maria Hernandez,Brooklyn,Knickerbocker Ave. bet. Suydam & Starr Sts.,304,40.702811,-73.92539,Saturday,8 a.m. - 3 p.m.,,Yes,No,Yes
2025,Riverdale Neighborhood House Youth Market,Bronx,5521 Mosholu Ave.,208,40.903039,-73.90375,Thursday,1 p.m. - 6 p.m.,,Yes,No,No
2025,Riverdale Y Sunday Market,Bronx,4545 Independence Ave.,208,40.891762,-73.912208,Sunday,9 a.m. - 2 p.m.,,Yes,No,No
2025,Ruppert Park Greenmarket,Manhattan,90th Street & 2nd Avenue,108,40.780294,-73.949521,Sunday,9 a.m. - 3 p.m.,,Yes,No,No
2025,Saratoga Farm Stand,Brooklyn,1965-1971 Fulton St.,316,40.678562,-0.000079704,Saturday,10 a.m. - 2 p.m.,,Yes,No,No
2025,St. George Greenmarket,Staten Island,St Marks Pl. & Hyatt St.,501,40.641586,-74.0779,Saturday,8 a.m. - 1 p.m.,,Yes,Yes,No
2025,Staten Island Mall Greenmarket,Staten Island,Marsh Ave. & Ring Rd.,502,40.583804,-74.161245,Saturday,8 a.m. - 2 p.m.,,Yes,No,No
2025,Stuyvesant Town Greenmarket,Manhattan,North end of Stuyvesant Town Oval (near 20th St. Loop),106,40.731498,-73.97818,Sunday,9:30 a.m. - 4 p.m.,,Yes,No,No
2025,Sunnyside Greenmarket,Queens,Skillman Ave. & 43rd St.,402,40.74701,-73.92173,Saturday,8 a.m. - 3 p.m.,,Yes,Yes,No
2025,Tompkins Square Greenmarket,Manhattan,7th St. & Avenue A,103,40.726054,-73.983534,Sunday,9 a.m. - 4 p.m.,,Yes,Yes,No
2025,Tribeca Greenmarket,Manhattan,Greenwich & Chambers Sts.,101,40.716303,-74.010966,Saturday,8 a.m. - 2 p.m.,,Yes,Yes,No
2025,Tucker Square Greenmarket,Manhattan,66th St. & Broadway,107,40.773709,-73.98196,Thursday & Saturday,8 a.m. - 4 p.m.,,Yes,Yes,No
2025,Two Bridges Youth Market,Manhattan,50 Madison St.,103,40.711958,-73.997825,Sunday,10:30 a.m. - 3:00 p.m.,,Yes,No,Yes
2025,Union Square Greenmarket,Manhattan,Union Square West & 17th St.,105,40.737133,-73.990329,"Monday, Wednesday, Friday & Saturday",8 a.m. - 6 p.m.,,Yes,Yes,No
2025,Uptown Good Food Farm Stand & CSA,Manhattan,330 St. Nicholas Ave.,110,40.81172,-73.951795,Thursday,4 p.m. - 7 p.m.,,Yes,No,No
2025,Uptown Good Food Farmers Market,Manhattan,"St Nicholas Ave &, W 137th St (St. Nicholas Park)",110,40.818521,-73.947392,Saturday,9 a.m. - 3 p.m.,,Yes,No,No
2025,Uptown Grand Central Farmstand,Manhattan,125th St. & Park Ave.,111,40.805396,-73.939818,Wednesday,1:30 p.m. - 7 p.m,,Yes,No,No
2025,Van Cortlandt Park Alliance Farm Stand,Bronx,Orloff Ave & Gale Pl,208,40.884532,-73.892172,Wednesday,2 p.m. - 7 p.m.,,Yes,No,No
2025,Woodhull Hospital Farmstand,Brooklyn,Graham Ave. & Broadway,301,40.701022,-73.942202,Wednesday,9 a.m. - 2 p.m.,,Yes,No,No
2025,Wyckoff House Museum Farmstand,Brooklyn,5816 Clarendon Rd,317,40.64497,-73.920914,Saturday,11 a.m. - 3 p.m.,,Yes,No,No
2024,170 Farm Stand,Bronx,1406 Townsend Ave.,204,40.840138,-73.916591,Wednesday,2 p.m. - 6 p.m.,,Yes,no,No
2024,175th Street Greenmarket,Manhattan,W. 175th St. bet. Wadsworth Ave. & Broadway,112,40.845948,-73.937811,Thursday,8 a.m. - 4p.m.,,Yes,no,No
2024,4th Ave Sunset Park Greenmarket,Brooklyn,4th Ave. 60th St.,307,40.647975,-74.003744,Saturday,8 a.m. - 3 p.m.,,Yes,no,No
2024,57th Street Greenmarket,Manhattan,57th St. & 10th Ave.,104,40.769117,-73.988559,Saturday,8 a.m. - 3 p.m.,,Yes,no,No
2024,79th Street Greenmarket,Manhattan,79th St. & Columbus Ave.,107,40.782295,-73.975244,Sunday,9 a.m. - 4 p.m,,Yes,yes,No
2024,7th Ave Sunset Park Greenmarket,Brooklyn,7th Ave. & 44th St.,307,40.645841,-74.002402,Saturday,8 a.m. - 3 p.m.,,Yes,yes,No
2024,82nd Street Greenmarket,Manhattan,82nd St. bet. 1st & York Aves,108,40.774292,-73.951262,Saturday,9 a.m. - 2:30 p.m.,,Yes,yes,No
2024,92nd Street Greenmarket,Manhattan,92nd St. & 1st Ave.,108,40.781968,-73.945267,Sunday,9 a.m. - 4 p.m.,,Yes,no,No
2024,97th Street Greenmarket,Manhattan,97th St. bet. Columbus & Amsterdam Aves,107,40.794003,-73.96807,Friday,8 a.m. - 2 p.m.,,Yes,yes,No
2024,Abingdon Square Greenmarket,Manhattan,Hudson St. & W 12th St.,102,40.737553,-74.005687,Saturday,8 a.m. - 2 p.m.,,Yes,yes,No
2024,Astor Place Greenmarket,Manhattan,E 8th St. & Lafayette Ave.,102,40.72982,-73.991023,Tuesday,8 a.m. - 5 p.m.,,Yes,no,No
2024,Bartel-Pritchard Square Greenmarket,Brooklyn,Prospect Park W at 15th St.,355,40.661354,-73.96968,Wednesday & Sunday (starting 5/5),8 a.m. - 2 p.m. (W); 9 a.m. - 2 p.m. (SU),,Yes,Yes (Wed only),No
2024,Bay Ridge Greenmarket,Brooklyn,3rd Ave. & 95th St.,310,40.61781,-74.03338,Saturday,8 a.m. - 3 p.m.,,Yes,no,No
2024,Bed Stuy Farmstand,Brooklyn,Decatur St & Lewis Ave,303,40.681371,-73.934002,Saturday,9 a.m - 2 p.m.,,Yes,yes,No
2024,Bensonhurst Greenmarket,Brooklyn,18th Ave. bet. 81st & 82nd Sts,311,40.609588,-73.999677,Sunday,9 a.m. - 3 p.m.,,Yes,no,No
2024,Bissel Gardens Farmers Market,Bronx,Baychester Ave & E 241st St,212,40.90152,-73.846937,Saturday,10 a.m.- 4 p.m.,,Yes,no,No
2024,Boro Park Greenmarket,Brooklyn,14th Ave. bet. 49th & 50th Sts,312,40.633285,-73.990548,Thursday,8 a.m. - 2 p.m.,,Yes,no,No
2024,Bowling Green Greenmarket,Manhattan,Broadway at Battery Pl.,101,40.704549,-74.01429,Tuesday & Thursday,8 a.m. - 2 p.m.,,Yes,no,No
2024,Bro Sis Green Youth Market,Manhattan,"Amsterdam bet W 143rd & 144th Sts., at Johnny Hartman Plaza",109,40.82394,-73.948552,Wednesday,10:30 a.m. - 6 p.m.,,Yes,no,No
2024,Bronx Borough Hall Greenmarket,Bronx,161st St. & Grand Concourse,204,40.827335,-73.922911,Tuesday,8 a.m. - 4 p.m.,,Yes,no,Yes
2024,Bronx Park East (BxPE) Farmers Market,Bronx,"2045 Bronx Park East, Bronx Park (Bradley Playground)",211,40.851713,-73.867786,Sunday,9 a.m. - 4 p.m.,,Yes,no,No
2024,BronxWorks Farm Stand,Bronx,1130 Grand Concourse,204,40.832759,-73.919296,Thursday,10 a.m. - 2 p.m.,,Yes,no,No
2024,Brooklyn Borough Hall Greenmarket,Brooklyn,Montague & Court Sts,302,40.693722,-73.990455,Tusday & Saturday,8 a.m. - 3 p.m.,,Yes,yes,No
2024,Brooklyn Grange Farm Stand,Brooklyn,850 3rd Ave (Roof),307,40.658518,-74.003327,Sunday (monthly),10 a.m. - 3 p.m.,,Yes,no,No
2024,Brownsville Pitkin Farmstand,Brooklyn,Pitkin Ave. & Thomas Boyland St.,316,40.669234,-73.913698,Saturday,8:30 a.m. - 1:30 p.m.,,Yes,no,No
2024,Carroll Gardens Greenmarket,Brooklyn,Smith & Carroll Sts,306,40.680761,-73.99552,Sunday,8 a.m. - 2 p.m.,,Yes,yes,No
2024,Chelsea's Down to Earth Farmers Market,Manhattan,W. 23rd St btwn 8th & 9th Aves,104,40.745293,-73.998488,Saturday,9 a.m. - 2 p.m.,,Yes,no,No
2024,Children's Aid Go!Healthy Food Box + Farmstand - CS211,Bronx,1919 Prospect Ave.,206,40.843546,-73.889755,Thursday,1:30 p.m. - 4 p.m.,,Yes,no,No
2024,Children's Aid Go!Healthy Food Box + Farmstand - Goodhue Center,Staten Island,304 Prospect Ave.,501,40.638936,-74.097966,Tuesday,1 p.m. - 3:30 p.m.,,Yes,no,No
2024,Children's Aid Go!Healthy Food Box + Farmstand - Milbank Center,Manhattan,14-32 W. 118th St.,110,40.802317,-73.946351,Wednesday,2:30 p.m. - 5:30 p.m.,,Yes,no,No
2024,Children's Aid Go!Healthy Food Box + Farmstand - PS 152,Manhattan,93 Nagle Ave.,112,40.860412,-73.927936,Tuesday,2:30 p.m - 5 p.m.,,Yes,no,No
2024,Columbia Greenmarket,Manhattan,Broadway & 114th St.,109,40.807145,-73.964265,Thursday & Sunday,8 a.m. - 4 p.m.,,Yes,yes,No
2024,Corona Greenmarket,Queens,Roosevelt Ave. & 103rd St.,403,40.749869,-73.862726,Friday,8 a.m. - 3 p.m.,,Yes,no,Yes
2024,Cortelyou Greenmarket,Brooklyn,Cortelyou Rd. bet. Rugby & Argyle Rds,314,40.64051,-73.966021,Sunday,8 a.m. - 2 p.m.,,Yes,yes,No
2024,Crown Heights Farmstand,Brooklyn,Nostrand Ave. & Crown St.,309,40.666472,-73.950807,Friday,9 a.m. - 2 p.m.,,Yes,yes,No
2024,Cunningham Park's Down to Earth Farmers Market,Queens,Union Turnpike & 196th Place,408,40.731082,-73.773997,Sunday,9 a.m. - 2 p.m.,,Yes,no,No
2024,Cypress Hills Farmstand,Brooklyn,Fulton St. between Richmond and Logan Sts.,305,40.682391,-73.913554,Friday,9 a.m. - 2 p.m.,,Yes,no,Yes
2024,Dag Hammarskjold Greenmarket,Manhattan,47th St & 2nd Ave,106,40.752122,-73.968154,Wednesday,8 a.m. - 3 p.m.,,Yes,yes,No
2024,Domino Park Greenmarket,Brooklyn,River St. bet. S 1st & S 3rd Sts,301,40.715385,-73.967441,Sunday,9 a.m. - 3 p.m.,,Yes,no,No
2024,East New York Farmers Market,Brooklyn,Schenck Avenue between New Lots and Livonia Avenues,305,40.665296,-73.886557,Saturday,9 a.m. - 3 p.m.,,Yes,no,Yes
2024,East New York Farmers Stand I,Brooklyn,Euclid & Pitkin Aves.,305,40.675404,-73.871914,Thursday,1:30 p.m. - 5:30 p.m.,,Yes,no,No
2024,Eastchester Farmstand,Bronx,1250 E 229th St. (Northeast Bronx YMCA),212,40.88372,-73.842046,Wednesday,9:30 a.m. - 2:30 p.m.,,Yes,no,No
2024,Edgemere Farm Market,Queens,385 Beach 45th St,414,40.595255,-73.776524,Friday,3 p.m. - 7 p.m.,,Yes,no,No
2024,Edible Schoolyard NYC's Farm Stand at PS 216,Brooklyn,350 Avenue X,315,40.590564,-73.969964,Friday,1:30 p.m. - 3:30 p.m.,,Yes,no,No
2024,Elmhurst Hospital Greenmarket,Queens,41st Ave. bet. 80th & 81st Sts,404,40.745794,-73.885489,Tuesday,8 a.m. - 3 p.m.,,Yes,no,No
2024,Far Rock Farm Stand,Queens,45-55 Beach Channel Dr.,414,40.595572,-73.777001,Saturday,10 a.m. - 2 p.m.,,Yes,no,No
2024,Flushing Greenmarket,Queens,Sanford Ave. & Union St. (Bowne Playground),407,40.757731,-73.824852,Wednesday,8 a.m. - 3 p.m.,,Yes,no,Yes
2024,Forest Hills Greenmarket,Queens,Queens Blvd. & 70th Ave.,406,40.722054,-73.847155,Sunday,8 a.m. - 2 p.m.,,Yes,yes,No
2024,Forest Park Farmstand,Queens,Park Lane S. & Myrtle Ave.,409,40.701192,-73.841597,Saturday,8:30 a.m. - 2 p.m.,,Yes,TBD,No
2024,Fort Greene Greenmarket,Brooklyn,Washington Park & Dekalb Ave.,302,40.691457,-73.973421,Saturday,8 a.m. - 3 p.m.,,Yes,yes,No
2024,Fort Washington Greenmarket,Manhattan,168th St. & Ft. Washington Ave.,112,40.842296,-73.942027,Tuesday,8 a.m. - 4 p.m.,,Yes,no,No
2024,Fresh Vibes Market at Emblem Health Crown Heights,Brooklyn,546 Eastern Pkwy,309,40.669826,-73.949958,Wednesday (3rd),12 p.m. - 3 p.m.,,Yes,yes,No
2024,Fresh Vibes Market at Emblem Health East New York,Brooklyn,101 Pennsylvania Avenue,305,40.6753,-73.896728,Wednesday (2nd),12 p.m. - 3 p.m.,,Yes,yes,No
2024,Fresh Vibes Market at the Bureau of Brooklyn Neighborhood Health,Brooklyn,485 Throop Avenue,303,40.685654,-73.941462,Friday (2nd and 3rd),11 a.m. - 3 p.m.,,Yes,yes,No
2024,Fulton Stall Market (indoor farmers market),Manhattan,91 South St.,101,40.705865,-74.003769,Mon-Sat,11:30 a.m. - 5 p.m.,,Yes,yes,No
2024,Gouverneur Health Farmstand,Manhattan,Madison St. bet. Clinton & Jefferson Sts.,103,40.712905,-73.986928,Friday,8:30 a.m. - 2 p.m.,,Yes,no,Yes
2024,Grand Army Plaza Greenmarket,Brooklyn,Grand Army Plaza,308,40.672525,-73.969799,Saturday,8 a.m. - 3 p.m.,,Yes,yes,No
2024,Grass Roots Farmers' Market,Manhattan,"W 145th St bet Edgecombe & Bradhurst Aves, at Jackie Robinson Park",109,40.823647,-73.943844,Tuesday & Saturday,9 a.m. - 4 p.m.,,Yes,no,Yes
2024,Greenmarket at the Oculus,Manhattan,Church at Fulton St.,101,40.711466,-74.010662,Tuesday,8 a.m. - 5 p.m.,,Yes,no,No
2024,Harlem Health Market,Manhattan,163 W 125th St.,110,40.808644,-73.947524,Saturday,9 a.m. - 4 p.m.,,Yes,no,Yes
2024,Harvest Home Brower Park Farm Stand,Brooklyn,Brooklyn Ave. & Prospect Pl.,308,40.674,-73.944544,Thursday,8 a.m - 3 p.m.,,Yes,no,No
2024,Harvest Home Coney Island Hospital Farmers Market,Brooklyn,Ocean Pkwy bet. Avenue Z & Shore Pkwy.,313,40.5867,-73.96615,Friday,8 a.m. - 3 p.m.,,Yes,no,No
2024,Harvest Home Co-op City Farm Stand,Bronx,Asch Loop & Aldrich Ave.,210,40.8702,-73.830963,Wednesday & Saturdays,8 a.m. - 3 p.m.,,Yes,no,No
2024,Harvest Home East Harlem Farmers Market,Manhattan,E. 104th St. & 3rd Ave.,111,40.7903,-73.945635,Thursday,8 a.m. - 3 p.m.,,Yes,no,No
2024,Harvest Home Harlem Hospital Farmers Market,Manhattan,W. 137th St. & Lenox Ave.,110,40.815403,-73.93991,Friday,8 a.m. - 3 p.m.,,Yes,no,No
2024,Harvest Home Hunts Point Farm Stand,Bronx,Southern Blvd. bet. Barretto & Tiffany Sts. (Luis Suarez Memorial Park),202,40.81894,-73.893492,Wednesday,8 a.m. - 3 p.m.,,Yes,no,No
2024,Harvest Home Jacobi Hospital Farmers Market,Bronx,1400 Pelham Pkwy,211,40.8574,-73.847079,Friday,8 a.m. - 3 p.m.,,Yes,no,No
2024,Harvest Home Kings County Hospital Farmers Market,Brooklyn,Clarkson Ave. bet. E. 37th & 38th Sts.,317,40.6558,-73.943355,Wednesday,8 a.m. - 3 p.m.,,Yes,no,No
2024,Harvest Home Lenox Avenue Farm Stand,Manhattan,Lenox Ave. bet. W. 117th & 118th Sts.,110,40.802699,-73.949186,Saturday,8 a.m. - 3 p.m.,,Yes,no,No
2024,Harvest Home Metropolitan Hospital Farmers Market,Manhattan,E. 97th St. & 2nd Ave.,111,40.784943,-73.946589,Friday,8 a.m. - 3 p.m.,,Yes,no,No
2024,Harvest Home Mt. Eden Malls Farmers Market,Bronx,Mt. Eden & Morris Aves. (Claremont Park),204,40.8429,-73.909558,Tuesday & Thursday,8 a.m. - 3 p.m.,,Yes,no,No
2024,Harvest Home North Central Bronx Farmers Market,Bronx,Mosholu Pkwy & Jerome Ave.,207,40.8797,-73.884661,Wednesday,8 a.m. - 3 p.m.,,Yes,no,No
2024,Harvest Home St. Mary's Park Farm Stand,Bronx,E. 149th St. & Eagle Ave. (St. Mary's Park),201,40.8139,-73.911812,Thursday,8 a.m. - 3 p.m.,,Yes,no,No
2024,Harvest Home Utica Avenue Farmers Market,Brooklyn,Eastern Pkwy bet. Utica & Rochester Aves.,308,40.668754,-73.930136,Wednesday,11 a.m. - 6 p.m.,,Yes,no,No
2024,Hattie Carthan Community Market,Brooklyn,363-365 Clifton Place,303,40.689628,-73.946882,Saturday,9 a.m. - 3 p.m.,,Yes,no,No
2024,Hattie Carthan Herbal Apothecary/ Market,Brooklyn,48 Van Buren,303,40.690036,-73.943557,Sunday,1 p.m. - 6 p.m.,,Yes,no,No
2024,Inwood Park Greenmarket,Manhattan,Isham St. bet. Seaman Ave. & Cooper St.,112,40.869001,-73.920896,Saturday,8 a.m. - 3 p.m.,,Yes,yes,No
2024,Isabahlia Farmers Market at ISO Student Farm,Brooklyn,514 Rockaway Ave (ISO Student Farm),316,40.667554,-73.910207,Friday & Saturday,8 a.m. - 3 p.m.,,Yes,no,No
2024,Isabahlia Farmers Market at Powell Street Garden,Brooklyn,410 Livonia Ave (In Front of Powell Street Garden),316,40.663532,-73.902236,Saturday,8 a.m. - 3 p.m.,,Yes,no,No
2024,Jackson Heights Greenmarket,Queens,34th Ave. & 79th St.,403,40.753607,-73.887739,Sunday,8 a.m. - 3 p.m.,,Yes,yes,No
2024,JBOLC Garden Community Farmers Market,Bronx,Sedgwick Ave. & Goulden Ave.,207,40.882647,-73.886562,Saturday,10 a.m. - 3 p.m.,,Yes,no,No
2024,La Familia Verde Farmers Market,Bronx,E. Tremont Ave. bet. Arthur Ave & LaFontaine Ave.,206,40.846448,-73.893563,Tuesday,9 a.m. - 3 p.m.,,Yes,no,Yes
2024,La Familia Verde Farmers Market / Highbridge Farmers Market,Bronx,1430 Plimpton Avenue,204,40.843627,-73.922243,Wednesday,10 a.m. - 3 p.m.,,Yes,no,No
2024,Lenox Hill Farmstand,Manhattan,1st Ave. & 70th St.,108,40.766925,-73.95795,Thursday,12 p.m. - 5 p.m.,,Yes,yes,No
2024,Lincoln Hospital Greenmarket,Bronx,E. 149th St. bet. Park & Morris Aves,201,40.818013,-73.925185,Tuesdays & Fridays,8 a.m. - 3 p.m.,,Yes,no,No
2024,Lower East Side Farmstand,Manhattan,Grand St. bet. Pitt & Willett Sts.,103,40.71521,-73.984258,Friday,9 a.m. - 1 :30 p.m.,,Yes,no,No
2024,Market in the Heights at CCNY,Manhattan,138th St. & Convent Ave.,109,40.819196,-73.950221,Thursday,10 a.m. - 3 p.m.,,Yes,no,No
2024,McCarren Park Greenmarket,Brooklyn,N 12th btwn Union & Driggs Aves,301,40.719219,-73.952479,Saturday,8 a.m. - 3 p.m.,,Yes,yes,No
2024,McGolrick Park's Down to Earth Farmers Market,Brooklyn,Russell St. & Nassau Ave. (center of park),301,40.725617,-73.944497,Sunday,9 a.m. - 2 p.m.,,Yes,no,No
2024,Morning Glory Market at the New York Botanical Gardens,Bronx,2900 Southern Blvd. (inside the Moshulu Gate entrance),227,40.865684,-73.883312,Wednesday,10 a.m. - 3 p.m.,,Yes,no,No
2024,Morningside Park's Down to Earth Farmers Market,Manhattan,W. 110th St & Manhattan Ave,107,40.801155,-73.959647,Saturday,9 a.m. - 2 p.m.,,Yes,no,No
2024,Morris Heights Farmstand,Bronx,85 W Burnside Ave.,205,40.854655,-73.91063,Wednesday,9:30 a.m. - 2:30 p.m.,,Yes,no,No
2024,Morrisania Farmstand,Bronx,169th St. & Boston Rd. (at McKinley Square),203,40.83118,-73.900545,Wednesday,10 a.m. - 2 p.m.,,Yes,no,No
2024,Mott Haven Farm Stand,Bronx,541 E 139th St. (Padre Plaza Garden),201,40.807883,-73.917885,Wednesday,9 a.m. - 1 p.m.,,Yes,no,No
2024,Mount Sinai Greenmarket,Manhattan,99th St. & Madison Ave.,111,40.789386,-73.952595,Wednesday,8 a.m. - 3 p.m.,,Yes,no,No
2024,Myrtle-Wyckoff Greenmarket,Queens,Wyckoff btwn Gates & Myrtle avenues,405,40.699798,-73.911523,Thursday,8 a.m. - 3 p.m.,,Yes,no,No
2024,New Roots Farm Stand,Bronx,670 Grand Concourse,204,40.821447,-73.925492,Saturday,10 a.m. - 3 p.m.,,Yes,no,No
2024,Norwood Farmstand,Bronx,E. Gun Hill Rd. & Dekalb Ave.,207,40.88222,-73.880458,Thursday,9:30 a.m. - 2:30 p.m.,,Yes,yes,Yes
2024,Park Slope's Down to Earth Farmers Market,Brooklyn,4th St & 5th Ave,306,40.672194,-73.983785,Sunday,9 a.m. - 2 p.m.,,Yes,no,No
2024,Parkchester Greenmarket,Bronx,Westchester Ave. & White Plains Rd.,209,40.833279,-73.862833,Friday,8 a.m. - 3 p.m.,,Yes,no,Yes
2024,Perez Farm Stand,Queens,"134-20 Jamaica Avenue, by the Axel Building",409,40.70236,-73.818531,Wednesday,10 a.m. - 4 p.m.,,Yes,no,No
2024,Poe Park Greenmarket,Bronx,E 192nd St. bet. Grand Concourse & Valentine,207,40.86431,-73.895379,Tuesday,8 a.m. - 3 p.m.,,Yes,no,Yes
2024,Project EATS & St. Barnabas Hospital Farm Stand,Bronx,4507 3rd Ave.,206,40.853237,-73.891742,Wednesday,11 a.m. - 4 p.m.,,Yes,no,No
2024,Project EATS Brownsville Farm Stand,Brooklyn,300 Chester St.,316,40.664477,-73.910384,Thursday,11 a.m. - 4 p.m.,,Yes,no,No
2024,Project EATS Farm Stand at The Crossing,Manhattan,1956 1st Avenue,111,40.786236,-73.942511,Saturday,11 a.m. - 3 p.m.,,Yes,no,No
2024,PS 57 Farmstand,Manhattan,115th St. & 3rd Ave.,111,40.797577,-73.94128,Thursday,10 a.m. - 3 p.m.,,Yes,yes,Yes
2024,Queens County Farm Museum Farm Stand,Queens,73-50 Little Neck Pkwy,413,40.748163,-73.719431,Wednesday - Sunday,10 a.m. - 4 p.m.,,Yes,no,No
2024,Queens Farm @ Jamaica Hospital,Queens,134-20 Jamaica Ave.,409,40.70236,-73.818531,Friday,10 a.m. - 3 p.m.,,Yes,no,No
2024,Red Hook Farm Stand,Brooklyn,560 Columbia St.,306,40.672524,-74.00871,Saturday,10 a.m. - 2 p.m.,,Yes,no,No
2024,Ridgewood Farmstand,Queens,Cypress Ave. & Myrtle Ave.,405,40.700403,-73.90668,Saturday,9 a.m. - 1:30 p.m.,,Yes,no,No
2024,RiseBoro Farmers Markets at Hope Ballfield,Brooklyn,Knickerbocker Ave between Menahan St and Grove St,304,40.69768,-73.916366,Wednesday,9 a.m. - 3 p.m.,,Yes,no,No
2024,RiseBoro Farmers Markets at Irving Square Park,Brooklyn,"Knickerbocker Avenue, between Weirfield St and Halsey St",304,40.693293,73.90864,Sunday,8 a.m. - 1 p.m.,,Yes,no,No
2024,RiseBoro Farmers Markets at Maria Hernandez,Brooklyn,Knickerbocker Ave between Sudyam St and Starr St,304,40.702811,-73.92539,Saturday,8 a.m. - 3 p.m.,,Yes,no,Yes
2024,Riverdale Neighborhood House Youth Market,Bronx,5521 Mosholu Ave.,208,40.903039,-73.90375,Thursday,1 p.m. - 6 p.m.,,Yes,no,No
2024,Riverdale Y Sunday Farmers Market,Bronx,4545 Independence Ave.,208,40.891762,-73.912208,Sunday,9 a.m. - 2 p.m.,,Yes,yes,No
2024,Rockaway Market Street @ Beach 60th,Queens,Under the elevated A-train tracks between Beach 59th and Beach 60th streets on Rockaway Freeway,414,40.592902,-73.789051,Saturday,10 a.m. - 1 p.m.,,No,no,No
2024,Rockefeller Center Greenmarket,Manhattan,Rockefeller Center Plaza at 50th St.,105,40.759204,-73.978335,Wednesday,TBD,,Yes,no,No
2024,Saratoga Farm Stand,Brooklyn,1965-1971 Fulton St.,316,40.678562,-0.000079704,Saturday,10 a.m. - 2 p.m.,,Yes,no,No
2024,St. George Greenmarket,Staten Island,St Marks Pl. & Hyatt St.,501,40.641586,-74.0779,Saturday,8 a.m. - 1 p.m.,,Yes,yes,No
2024,Staten Island Mall Greenmarket,Staten Island,Marsh Ave. & Ring Rd.,502,40.583804,-74.161245,Saturday,8 a.m. - 2 p.m.,,Yes,no,No
2024,Stuyvesant Town Greenmarket,Manhattan,North end of Stuyvesant Town Oval (near 20th St. Loop),106,40.731498,-73.97818,Sunday,9:30 a.m. - 4 p.m.,,Yes,no,No
2024,Sunnyside Greenmarket,Queens,Skillman Ave. & 43rd St.,402,40.74701,-73.92173,Saturday,8 a.m. - 3 p.m.,,Yes,yes,No
2024,The Market at Preston,Bronx,2780 Schurz Avenue (Preston High School),210,40.814256,-73.819339,Tuesday,4 p.m. - 7 p.m.,,Yes,no,No
2024,Tompkins Square Greenmarket,Manhattan,7th St. & Avenue A,103,40.726054,-73.983534,Sunday,9 a.m. - 4 p.m.,,Yes,yes,No
2024,Tribeca Greenmarket,Manhattan,Greenwich & Chambers Sts.,101,40.716303,-74.010966,Wednesday & Saturday,8 a.m. - 2 p.m.,,Yes,Yes (Sat only),No
2024,Tucker Square Greenmarket,Manhattan,66th St. & Broadway,107,40.773709,-73.98196,Thursday & Saturday,8 a.m. - 3 p.m. (Thurs); 8 a.m. - 4 p.m. (Sat),,Yes,yes,No
2024,Two Bridges Youth Market,Manhattan,50 Madison St.,103,40.711958,-73.997825,Sunday,10:30 a.m. - 3:00 p.m.,,Yes,no,Yes
2024,Union Square Greenmarket,Manhattan,Union Square West & 17th St.,105,40.737133,-73.990329,"Monday, Wednesday, Friday & Saturday",8 a.m. - 6 p.m.,,Yes,yes,No
2024,Uptown Good Food Farm Stand,Manhattan,330 St. Nicholas Ave.,110,40.81172,-73.951795,Thursday,2 p.m. - 7 p.m.,,Yes,no,No
2024,Uptown Good Food Farmers Market,Manhattan,"St Nicholas Ave &, W 137th St (St. Nicholas Park)",110,40.818521,-73.947392,Saturday,9 a.m. - 3 p.m.,,Yes,no,No
2024,Uptown Grand Central Farmstand,Manhattan,125th St. & Park Ave.,111,40.805258,-73.938875,Wednesday,1:30 p.m. - 7 p.m,,Yes,yes,No
2024,Van Cortlandt Park Alliance Amalgamated Housing Youth Farmstand,Bronx,Orloff Ave & Gale Pl,208,40.884532,-73.892172,Wednesday,2 p.m. - 7 p.m.,,Yes,no,No
2024,White Plains Road (WPR) Farmers Market,Bronx,"Williamsbridge Square, E 211th St.",212,40.87744,-73.866451,Saturday,9 a.m. - 4 p.m.,,Yes,no,No
2024,Woodhull Hospital Farmstand,Brooklyn,Graham Ave. & Broadway,301,40.701022,-73.942202,Wednesday,9 a.m. - 2 p.m.,,Yes,no,No
2024,Wyckoff House Museum Farmstand,Brooklyn,5816 Clarendon Rd,317,40.64497,-73.920914,Saturday,11 a.m. - 3 p.m.,,Yes,no,No
2023,170 Farm Stand,Bronx,1406 Townsend Ave.,204,40.840138,-73.916591,Wednesday,2 p.m. - 6 p.m.,,Yes,No,Yes
2023,175th Street Greenmarket,Manhattan,W. 175th St. bet. Wadsworth Ave. & Broadway,112,40.845948,-73.937811,Thursday,8 a.m. - 4 p.m.,,Yes,No,No
2023,4th Ave Sunset Park Greenmarket,Brooklyn,4th Ave. 60th St.,307,40.647975,-74.003744,Saturday,8 a.m. - 3 p.m.,,Yes,No,No
2023,57th Street Greenmarket,Manhattan,W. 57th St. & 10th Ave.,104,40.769117,-73.988559,Saturday,8 a.m. - 3 p.m.,,Yes,No,No
2023,79th Street Greenmarket,Manhattan,79th St & Columbus Ave,107,40.781947,-73.976105,Sunday,9 a.m. - 4 p.m.,,Yes,Yes,No
2023,7th Ave Sunset Park Greenmarket,Brooklyn,7th Ave & 44th St,307,40.645807,-74.002414,Saturday,8 a.m. - 3 p.m.,,Yes,Yes,No
2023,82nd Street Greenmarket,Manhattan,E 82nd St bet 1st & York Aves,108,40.774292,-73.951262,Saturday,9 a.m. - 2:30 p.m.,,Yes,Yes,No
2023,94th Street Greenmarket,Manhattan,E. 94th St. & 1st Ave.,108,40.781968,-73.945267,Sunday,9 a.m. - 4 p.m.,,Yes,No,No
2023,97th Street Greenmarket,Manhattan,97th St bet Columbus & Amsterdam Aves,107,40.794226,-73.968334,Friday,8 a.m. - 2 p.m.,,Yes,Yes,No
2023,Abingdon Square Greenmarket,Manhattan,Hudson St & W 12th St,102,40.737553,-74.005687,Saturday,8 a.m. - 2 p.m.,,Yes,Yes,No
2023,Astor Place Greenmarket,Manhattan,E 8th Street & Lafayette,102,40.72982,-73.991023,Tuesday,8 a.m. - 5 p.m.,,Yes,No,No
2023,Bartel-Pritchard Square Greenmarket,Brooklyn,Prospect Park W at 15th St,355,40.661354,-73.96968,Wednesday,8 a.m. - 3 p.m. (W); 9 a.m. - 3 p.m. (Su),,Yes,Yes,No
2023,Bay Ridge Greenmarket,Brooklyn,3rd Ave & 95th St.,310,40.61781,-74.03338,Saturday,8 a.m. - 3 p.m.,,Yes,No,No
2023,Bensonhurst Greenmarket,Brooklyn,18th Ave btw 81st & 82nd streets,311,40.609588,-73.999677,Sunday,9 a.m. - 3 p.m.,,Yes,No,No
2023,Boro Park Greenmarket,Brooklyn,14th Ave. bet. 49th & 50th streets,312,40.633285,-73.990548,Thursday,8 a.m. - 2 p.m.,,Yes,No,No
2023,Bowling Green Greenmarket,Manhattan,Broadway at Battery Pl,101,40.704549,-74.01429,Tuesday & Thursday,8 a.m. - 2 p.m.,,Yes,No,No
2023,Bro Sis Green Youth Market,Manhattan,"Amsterdam bet W 143rd & 144th Sts., at Johnny Hartman Plaza",109,40.82394,-73.948552,Wednesday,10:30 a.m. - 6 p.m.,,Yes,No,No
2023,Bronx Borough Hall Greenmarket,Bronx,161st & Grand Concourse,204,40.827335,-73.922911,Tuesday,8 a.m. - 4 p.m.,,Yes,No,Yes
2023,Bronx Park East Farmers Market,Bronx,2222 Bronx Park E. (near Bradley Playground),211,40.851713,-73.867786,Sunday,9 a.m. - 4 p.m.,,Yes,No,No
2023,BronxWorks Farm Stand,Bronx,1130 Grand Concourse,204,40.832759,-73.919296,Thursday,10 a.m. - 2 p.m.,,Yes,No,No
2023,Brooklyn Borough Hall Greenmarket,Brooklyn,Montague & Court streets,302,40.693722,-73.990455,Tusday & Saturday,8 a.m. - 3 p.m.,,Yes,Yes,No
2023,Brooklyn Grange Farm Stand at Sunset Park,Brooklyn,850 3rd Ave (Roof),306,40.658518,-74.003327,Sunday,10 a.m. - 3 p.m.,,Yes,No,No
2023,Brownsville Pitkin Farmstand,Brooklyn,Pitkin Ave. btw Thomas Boyland and Amboy st,316,40.669234,-73.913698,Saturday,9 a.m. - 2 p.m.,,Yes,No,No
2023,Carroll Gardens Greenmarket,Brooklyn,Smith & Carroll streets,306,40.680426,40.680426,Sunday,8 a.m. - 2 p.m.,,Yes,Yes,No
2023,Chelsea's Down to Earth Farmers Market,Manhattan,W. 23rd St btwn 8th & 9th Aves,104,40.745293,-73.998488,Saturday,9 a.m. - 2 p.m.,,Yes,No,No
2023,Children's Aid  Go!Healthy Food Box + Farmstand - Milbank Center,Manhattan,14-32 W. 118th St.,110,40.802317,-73.946351,Wednesday,2 p.m. - 4:30 p.m.,,Yes,No,No
2023,Children's Aid Go!Healthy Food Box + Farmstand - CS211,Bronx,1919 Prospect Ave.,206,40.843546,-73.889755,Thursday,2 p.m. - 4:30 p.m.,,Yes,No,No
2023,Children's Aid Society Go!Healthy Food Box + Famstand - Goodhue Center,Staten Island,304 Prospect Ave.,501,40.638936,-74.097966,Tuesday,1 p.m. - 3:30 p.m.,,Yes,No,No
2023,Columbia Greenmarket,Manhattan,Broadway & 114th St.,109,40.807145,-73.964265,Thursdays & Sundays,8 a.m. - 4 p.m.,,Yes,Yes,No
2023,Corona Greenmarket,Queens,Roosevelt Ave. & 103rd St.,403,40.749869,-73.862726,Friday,8 a.m. - 3 p.m.,,Yes,No,Yes
2023,Cortelyou Greenmarket,Brooklyn,Cortelyou btw Rugby & Argyle,314,40.64051,-73.966021,Sunday,8 a.m. - 2 p.m.,,Yes,Yes,No
2023,Crown Heights Farmstand,Brooklyn,Nostrand Avenue and Crown St (NW corner),309,40.666472,-73.950807,Friday,9 a.m. - 2 p.m.,,Yes,Yes,No
2023,Cunningham Park's Down to Earth Farmers Market,Queens,Union Turnpike & 196th Place,408,40.731082,-73.773997,Sunday,9 a.m. - 2 p.m.,,Yes,No,No
2023,Cypress Hills Farmstand,Brooklyn,Fulton St. between Richmond and Logan Sts (in front of Cypress Hills Senior Center),305,40.682391,-73.913554,Friday,10 a.m. - 3 p.m.,,Yes,No,Yes
2023,Dag Hammarskjold Greenmarket,Manhattan,47th St & 2nd Ave,106,40.752122,-73.968154,Wednesday,8 a.m. - 3 p.m.,,Yes,Yes,No
2023,Domino Park Greenmarket,Brooklyn,River St. between S 1st Street and S 3rd St,301,40.715385,-73.967441,Sunday,9 a.m. - 3 p.m.,,Yes,No,No
2023,East New York Farmers Market,Brooklyn,Schenck Avenue between New Lots and Livonia Avenues,305,40.665296,-73.886557,Saturday,9 a.m. - 3 p.m.,,Yes,No,No
2023,East New York Farmers Stand I,Brooklyn,Euclid & Pitkin Aves.,305,40.675404,-73.871914,Thursday,2 p.m. - 6:30 p.m.,,Yes,No,No
2023,Eastchester Farmstand,Bronx,Not confirmed yet,212,40.88503,-73.843146,Thursday,9:30 a.m. - 1 p.m.,,Yes,No,No
2023,Edgemere Farm Market,Queens,385 Beach 45th St,414,40.595255,-73.776524,Sunday,10 a.m. - 1 p.m.,,Yes,No,No
2023,Elmhurst Hospital Greenmarket,Queens,41st Ave. bet. 80th & 81st streets,404,40.745794,-73.885489,Tuesday,8 a.m. - 3 p.m.,,Yes,No,No
2023,Flushing Greenmarket,Queens,Sanford Ave & Union Street (Bowne Playground),407,40.757731,-73.824852,Wednesday,8 a.m. - 3 p.m.,,Yes,No,No
2023,Forest Hills Greenmarket,Queens,Queens Blvd. & 70th Ave.,406,40.722054,-73.847155,Sunday,8 a.m. - 2 p.m.,,Yes,Yes,No
2023,Forest Park Farmstand,Queens,Park Lane South and Myrtle Ave (My Buddy Statue plaza),409,40.701192,-73.841597,Saturday,9:30 a.m. - 2 p.m.,,Yes,No,No
2023,Fort Greene Greenmarket,Brooklyn,Washington Park & Dekalb Ave.,302,40.691457,-73.973421,Saturday,8 a.m. - 3 p.m.,,Yes,Yes,No
2023,Fort Washington Greenmarket,Manhattan,168th St. & Ft. Washington Ave.,112,40.842296,-73.942027,Tuesday,8 a.m. - 4 p.m.,,Yes,No,No
2023,Gouverneur Health Farmstand,Manhattan,Madison St. bet. Clinton & Jefferson Sts.,103,40.712905,-73.986928,Thursday,9 a.m. - 2 p.m.,,Yes,No,No
2023,Grand Army Plaza Greenmarket,Brooklyn,Grand Army Plaza,308,40.672525,-73.969799,Saturday,8 a.m. - 3 p.m.,,Yes,Yes,No
2023,Grass Roots Farmers' Market,Manhattan,"W 145th St bet Edgecombe & Bradhurst Aves, at Jackie Robinson Park",109,40.823647,-73.943844,Tuesday & Saturday,9 a.m. - 4 p.m.,,Yes,No,No
2023,Greenmarket at the Oculus,Manhattan,Church at Fulton Street,101,40.711466,-74.010662,Tuesday,8 a.m. - 5 p.m.,,Yes,No,No
2023,Harlem Meer Farmstand,Manhattan,Central Park N and Malcom X Blvd,110,40.798038,-73.95191,Saturdays,10 a.m. - 2 p.m.,,Yes,No,No
2023,Harvest Home Brower Park Farm Stand,Brooklyn,Brooklyn Ave. & Prospect Place,308,40.674,-73.944544,Thursday,8 a.m. - 3 p.m.,,Yes,No,No
2023,Harvest Home Coney Island Hospital Farmers Market,Brooklyn,Ocean Parkway bet. Ave. Z & Shore Parkway,313,40.5867,-73.96615,Friday,8 a.m. - 3 p.m.,,Yes,No,No
2023,Harvest Home Co-op City Farm Stand,Bronx,Asch Loop & Aldrich Ave.,210,40.8702,-73.830963,Wednesday,8 a.m. - 3 p.m.,,Yes,No,No
2023,Harvest Home East Harlem Farmers Market,Manhattan,E. 104th St. & 3rd Ave.,111,40.7903,-73.945635,Thursday,8 a.m. - 3 p.m.,,Yes,No,No
2023,Harvest Home Harlem Hospital Farmers Market,Manhattan,W. 137th St. & Lenox Ave.,110,40.815403,-73.93991,Friday,8 a.m. - 3 p.m.,,Yes,No,No
2023,Harvest Home Jacobi Hospital Farmers Market,Bronx,1400 Pelham Parkway,211,40.8574,-73.847079,Friday,8 a.m. - 3 p.m.,,Yes,No,No
2023,Harvest Home Kings County Hospital Farmers Market,Brooklyn,Clarkson Ave. bet. E. 37th & 38th Sts.,317,40.6558,-73.943355,Wednesday,8 a.m. - 3 p.m.,,Yes,No,No
2023,Harvest Home Lenox Avenue Farm Stand,Manhattan,Lenox Ave. bet. W. 117 & 118 Sts.,110,40.802699,-73.949186,Saturday,8 a.m. - 3 p.m.,,Yes,No,No
2023,Harvest Home Metropolitan Hospital Farmers Market,Manhattan,E. 97th St. & 2nd Ave.,111,40.784943,-73.946589,Friday,8 a.m. - 3 p.m.,,Yes,No,No
2023,Harvest Home Mt. Eden Malls Farmers Market,Bronx,Mt. Eden & Morris Aves. (Claremont Park),204,40.8429,-73.909558,Tuesday & Thursday,8 a.m. - 3 p.m.,,Yes,No,No
2023,Harvest Home North Central Bronx Farmers Market,Bronx,Mosholu Parkway & Jerome Ave.,207,40.8797,-73.884661,Wednesday,8 a.m. - 3 p.m.,,Yes,No,No
2023,Harvest Home St. Mary's Park Farm Stand,Bronx,E. 149th St. & Eagle Ave. (St. Mary's Park),201,40.8139,-73.911812,Thursday,8 a.m. - 3 p.m.,,Yes,No,No
2023,Hattie Carthan Community Market,Brooklyn,363-365 Clifton Place,303,40.689628,-73.946882,Saturday,9 a.m. - 3 p.m.,,Yes,no,No
2023,Hattie Carthan Herbal Apothecary/ Market,Brooklyn,48 Van Buren,303,40.690036,-73.943557,Sunday,1 p.m. - 6 p.m.,,Yes,No,No
2023,Heritage Farm Stand (Compost Demonstration Site),Staten Island,1000 Richmond Terrace (compost demonstration site),501,40.645075,-74.104753,Friday,3:30 p.m. - 6 p.m.,,Yes,No,No
2023,Heritage Farm Stand (Gazebo Road),Staten Island,1000 Richmond Terrace (Gazebo road),501,40.645075,-74.104753,Saturday,10 a.m. - 3:30 p.m.,,Yes,No,No
2023,Inwood Park Greenmarket,Manhattan,Isham St bet Seaman Ave & Cooper St,112,40.869001,-73.920896,Saturday,8 a.m. - 3 p.m.,,Yes,Yes,No
2023,Isabahlia Farmers Market,Brooklyn,410 Livonia Ave (In Front of Powell Street Garden),316,40.663532,-73.902236,Saturday,8 a.m. - 3 p.m.,,Yes,No,No
2023,Isabahlia Farmers Market,Brooklyn,514 Rockaway Ave (ISO Student Farm),316,40.667554,-73.910207,Friday & Saturday,8 a.m. - 3 p.m.,,Yes,No,No
2023,Jackson Heights Greenmarket,Queens,34th Ave. & 79th St.,403,40.753607,-73.887739,Sunday,8 a.m. - 3 p.m.,,Yes,Yes,No
2023,JBOLC Garden Community Farmers Market,Bronx,Sedgwick Ave. & Goulden Ave.,207,40.882647,-73.886562,Saturday,10 a.m. - 3 p.m.,,Yes,No,No
2023,La Familia Verde Farmers Market,Bronx,E. Tremont Ave. bet. Arthur Ave & LaFontaine Ave.,206,40.846448,-73.893563,Tuesday,8 a.m. - 2 p.m.,,Yes,No,Yes
2023,La Familia Verde Farmers Market / Highbridge Farmers Market,Bronx,1430 Plimpton Avenye,204,40.843627,-73.922243,Wednesday,10 a.m. - 3 p.m.,,yes,No,No
2023,Lincoln Hospital Greenmarket,Bronx,E. 149th St. bet. Park & Morris avenues,201,40.818013,-73.925185,Tuesdays & Fridays,8 a.m. - 3 p.m.,,Yes,No,No
2023,Lower East Side Farmstand,Manhattan,Grand St. btwn Pitt and Willett streets (outside of Abrons Arts Center),103,40.71521,-73.984258,Thursday,8:30 a.m. - 3 p.m.,,Yes,No,No
2023,McCarren Park Greenmarket,Brooklyn,N 12th btwn Union & Driggs,301,40.719219,-73.952479,Saturday,8 a.m. - 3 p.m.,,Yes,Yes,No
2023,McGolrick Park's Down to Earth Farmers Market,Brooklyn,Russell St. & Nassau Ave. (center of park),301,40.725617,-73.944497,Sunday,10 a.m. - 3 p.m.,,Yes,No,No
2023,Morning Glory Market at the New York Botanical Gardens,Bronx,2900 Southern Blvd.,227,40.865684,-73.883312,Wednesday,10 a.m. - 3 p.m.,,Yes,No,No
2023,Morningside Park's Down to Earth Farmers Market,Manhattan,W. 110th St & Manhattan Ave,107,40.801155,-73.959647,Saturday,9 a.m. - 2 p.m.,,Yes,Yes,No
2023,Morris Heights Farmstand,Bronx,University Ave. and W 179th St.,205,40.854567,40.854567,Wednesday,11 a.m. - 3 p.m.,,Yes,No,No
2023,Morrisania Farmstand,Bronx,169th St. & Boston Rd. (at McKinley Square),203,40.83118,-73.900545,Wednesday,10 a.m. - 2 p.m.,,Yes,No,No
2023,Mott Haven Farm Stand,Bronx,541 E 139th St. (Padre Plaza Garden),201,40.807883,-73.917885,Wednesday,9 a.m. - 1 p.m.,,Yes,No,No
2023,Mount Sinai Greenmarket,Manhattan,Madison & 99th St.,111,40.789386,-73.952595,Wednesday,8 a.m. - 3 p.m.,,Yes,No,No
2023,Myrtle-Wyckoff Greenmarket,Queens,Wyckoff btwn Gates & Myrtle avenues,405,40.699798,-73.911523,Thursday,8 a.m. - 3 p.m.,,Yes,No,No
2023,New Roots Farm Stand,Bronx,670 Grand Concourse,204,40.821447,-73.925492,Saturday,10 a.m. - 3 p.m.,,Yes,No,No
2023,Norwood Farmstand,Bronx,E. Gun Hill Rd. & Dekalb Ave. (SE corner),207,40.88222,-73.880458,Thursday,8:30 a.m.  - 2 p.m.,,Yes,Yes,No
2023,Park Slope's Down to Earth Farmers Market,Brooklyn,4th St & 5th Ave,306,40.672194,-73.983785,Sunday,10 a.m. - 3 p.m.,,Yes,Yes,No
2023,Parkchester Greenmarket,Bronx,Westchester Avenue & White Plains Road,209,40.833279,-73.862833,Friday,8 a.m. - 3 p.m.,,Yes,No,No
2023,Perez Farm Stand,Queens,"134-20 Jamaica Avenue, by the Axel Building",409,40.70236,-73.818531,Wednesday,10 a.m. - 4 p.m.,,Yes,No,No
2023,Poe Park Greenmarket,Bronx,E 192nd St. btw Grand Concourse & Valentine,207,40.86431,-73.895379,Tuesday,8 a.m. - 3 p.m.,,Yes,No,Yes
2023,Project EATS Brownsville Farm Stand,Brooklyn,300 Chester St.,316,40.664477,-73.910384,Thursday,11 a.m. - 4 p.m.,,Yes,No,No
2023,Project EATS Farm Stand at Essex Crossing,Manhattan,115 Delancey St.,103,40.719322,-73.987817,Wednesday-Sunday,11 a.m. - 7 p.m.,,Yes,No,No
2023,PS 11 Farm Market,Manhattan,320 W. 21st St.,104,40.744349,-74.000253,Wednesday,8 a.m. - 10 a.m.,,Yes,No,No
2023,PS 57 Farmstand,Manhattan,115th St. & 3rd Ave. (SW corner),111,40.797577,-73.94128,Wednesday,9:30 a.m. - 3 p.m.,,Yes,No,No
2023,Queens County Farm Museum Farm Stand,Queens,73-50 Little Neck Pkwy,413,40.748163,-73.719431,Wednesday - Sunday,11 a.m. - 3 p.m.,,Yes,No,No
2023,Queens Farm - Queens Borough Hall,Queens,120-55 QueensBlvd.,409,40.713318,-73.82858,Thursday,11 a.m. - 3 p.m.,,Yes,No,No
2023,Queens Farm @ Jamaica Hospital,Queens,134-20 Jamaica Ave.,409,40.70236,-73.818531,Friday,10 a.m. - 3 p.m.,,Yes,No,No
2023,Red Hook Farm Stand,Brooklyn,560 Columbia St.,306,40.672524,-74.00871,Saturday,10 a.m. - 2 p.m.,,Yes,No,No
2023,Ridgewood Farmstand,Queens,Cypress Ave btw Myrtle Ave. and Putnam Ave.,405,40.700403,-73.90668,Saturday,8 a.m. - 2:30 p.m.,,Yes,No,No
2023,RiseBoro Farmers Market at Hopefield,Brooklyn,Knickerbocker Ave between Menahan St and Grove St,304,40.69768,-73.916366,Wednesday,9 a.m. - 3 p.m.,,Yes,No,No
2023,RiseBoro Farmers Market at Maria Hernandez Park,Brooklyn,Knickerbocker Ave between Sudyam St and Starr St,304,40.702811,-73.92539,Saturday,8 a.m. - 3 p.m.,,Yes,No,No
2023,Riverdale Neighborhood House,Bronx,5521 Moshulu Ave.,208,40.903039,-73.90375,Thursday,1 p.m. - 6 p.m.,,Yes,No,No
2023,Riverdale Y Sunday Farmers Market,Bronx,4545 Independence Ave.,208,40.891762,-73.912208,Sunday,9 a.m. - 2 p.m.,,Yes,Yes,No
2023,Rockaway Market @ Beach 60th,Queens,Rockaway Freeway & Beach 60th St.,414,40.592902,-73.789051,Saturday,10 a.m. - 1 p.m.,,Yes,No,No
2023,Socrates Sculpture Park,Queens,32-01 Vernon Blvd,401,40.767634,-73.936314,Saturday,10 a.m. - 2 p.m.,,Yes,No,No
2023,St. Barnabas Hospital Farm Stand,Bronx,4507 3rd Ave.,206,40.853237,-73.891742,Wednesday,11 a.m. - 4 p.m.,,Yes,No,No
2023,St. George Greenmarket,Staten Island,St Marks Pl. & Hyatt St.,501,40.641586,-74.0779,Saturday,8 a.m. - 2 p.m.,,Yes,Yes,No
2023,Staten Island Mall Greenmarket,Staten Island,Marsh Ave & Ring Rd,502,40.583804,-74.161245,Saturday,8 a.m. - 2 p.m.,,Yes,No,No
2023,Stuyvesant Town Greenmarket,Manhattan,South end of Stuyvesant Town Oval,106,40.731498,-73.97818,Sunday,9:30 a.m. - 4 p.m.,,Yes,No,No
2023,Sunnyside Greenmarket,Queens,Skillman Avenue & 43rd Street,402,40.74701,-73.92173,Saturday,8 a.m. - 3 p.m.,,Yes,Yes,No
2023,Sunset Park Farmstand,Brooklyn,7th Ave and 44th st,307,40.645841,-74.002402,Saturdays,8 a.m. - 2 p.m.,,Yes,No,No
2023,Tompkins Square Greenmarket,Manhattan,7th St. & Avenue A,103,40.726054,-73.983534,Sunday,9 a.m. - 4 p.m.,,Yes,Yes,No
2023,Tribeca Greenmarket,Manhattan,Greenwich & Chambers streets,101,40.716303,-74.010966,Wednesday & Saturday,8 a.m. - 2 p.m.,,Yes,No,No
2023,Tucker Square Greenmarket,Manhattan,Columbus & 66th St.,107,40.773709,-73.98196,Thursday & Saturday,8 a.m. - 3 p.m. (Th); 8 a.m. - 4 p.m. (Sat),,Yes,Yes,No
2023,Two Bridges Youth Market,Manhattan,50 Madison St.,103,40.711958,-73.997825,Sunday,10:30 a.m. - 3:30 p.m.,,yes,No,No
2023,Union Square Greenmarket,Manhattan,Union Square West & 17th Street,105,40.737133,-73.990329,"Monday, Wednesday, Friday & Saturday",8 a.m. - 6 p.m.,,Yes,Yes,No
2023,Uptown Good Food,Manhattan,330 St. Nicholas Ave. (St. Nicholas Miracle Garden),110,40.81172,-73.951795,Thursday,3 p.m. - 7 p.m.,,Yes,No,No
2023,Urban Oasis,Brooklyn,681 Clarkson Avenue,309,40.657269,-73.934066,Wednesday,2 p.m. - 5:30 p.m.,,No,No,No
2023,Van Cortlandt Park Alliance Amalgamated Housing Youth Farmstand,Bronx,Orloff Ave & Gale Pl,208,40.884532,-73.892172,Wednesday,2 p.m. - 7 p.m.,,Yes,No,No
2023,Woodhull Hospital Farmstand,Brooklyn,Graham Ave. & Broadway,301,40.700281,-73.94115,Wednesday,9:30 a.m. - 2:30 p.m.,,Yes,No,No
2023,Wyckoff House Museum Farmstand,Brooklyn,5816 Clarendon Rd,317,40.64497,-73.920914,Saturday,11 a.m. - 3 p.m.,,Yes,No,No
2022,Children's Aid Society Go!Healthy Food Box + Famstand - Goodhue Center,Staten Island,304 Prospect Ave.,501,40.638936,-74.097966,Tuesday (every other),1-4 p.m.,,Yes,Yes,No
2022,Corona Greenmarket,Queens,Roosevelt Ave. & 103rd St.,403,40.749869,-73.862726,Friday,8 a.m. - 3 p.m.,,Yes,No,Yes
2022,Cunningham Park's Down to Earth Farmers Market,Queens,Union Turnpike & 196th Place,408,40.731082,-73.773997,Sunday,9 a.m. - 2 p.m.,,Yes,No,No
2022,Ditmars Park Farmstand,Queens,Steinway St. bet. Ditmars Blvd. & 23rd Ave.,401,40.772854,-73.906061,Saturday,9:30 a.m. - 2 p.m.,,Yes,No,No
2022,Elmhurst Hospital Greenmarket,Queens,41st Ave. bet. 80th & 81st Sts.,404,40.745794,-73.885489,Tuesday,8 a.m. - 4 p.m.,,Yes,No,No
2022,Far Rock Farm Stand,Queens,45-55 Beach Channel Dr.,414,40.595572,-73.777001,Saturday,10 a.m. - 2 p.m.,,Yes,No,No
2022,Flushing Greenmarket,Queens,Sanford Ave. & Union St. (Bowne Playground),407,40.757731,-73.824852,Wednesday,8 a.m. - 3 p.m.,,Yes,No,No
2022,Forest Hills Greenmarket,Queens,70th Ave. & QueensBlvd.,406,40.72188,-73.846383,Sunday,8 a.m. - 2 p.m.,,Yes,Yes,No
2022,Forest Park Farmstand,Queens,Myrtle Ave. & Park Lane South,409,40.701101,-73.841562,Saturday,8:30 a.m. - 3 p.m.,,Yes,No,No
2022,Heritage Farm Stand (Compost Demonstration Site),Staten Island,1000 Richmond Terrace (compost demonstration site),501,40.645075,-74.104753,Thursday,3-7 p.m.,,Yes,No,No
2022,Heritage Farm Stand (Gazebo Road),Staten Island,1000 Richmond Terrace (Gazebo road),501,40.645075,-74.104753,Saturday,9 a.m - 3:30 p.m.,,Yes,No,No
2022,Jackson Heights Greenmarket,Queens,34th Ave. bet 79th & 80th Sts,403,40.753435,-73.887822,Sunday,8 a.m. - 2 p.m.,,Yes,Yes,No
2022,Myrtle Wycoff Greenmarket,Queens,Myrtle Ave. bet. Wyckoff & Gates Aves.,405,40.699798,-73.911523,Thursday,8 a.m. - 3 p.m.,,Yes,No,Yes
2022,Perez Farm Stand,Queens,"134-20 Jamaica Ave., by the Axel Building",409,40.70236,-73.818531,Wednesdays,10:00 a.m.  - 4:00 p.m.,,Yes,No,No
2022,PS 57 Farmstand,Manhattan,115th St. & 3rd Ave.,111,40.797261,-73.940519,Wednesday,9:30 a.m. - 4 p.m.,,Yes,No,No
2022,QueensCounty Farm Museum Farm Stand,Queens,73-50 Little Neck Pkwy,413,40.748163,-73.719431,Wednesday - Sunday,11 a.m. - 3 p.m. (W); 11 a.m. - 5 p.m. (T-S),,Yes,No,No
2022,QueensFarm - QueensBorough Hall,Queens,120-55 QueensBlvd.,409,40.713318,-73.82858,Thursday,10 a.m. - 3 p.m.,06/16/2022 12:00:00 AM,Yes,No,No
2022,QueensFarm @ Jamaica Hospital,Queens,134-20 Jamaica Ave.,409,40.70236,-73.818531,Friday,10:30 a.m. - 3:30 p.m.,06/17/2022 12:00:00 AM,Yes,No,No
2022,Ridgewood Farmstand,Queens,Cypress & Myrtle Aves.,405,40.700123,-73.90621,Saturday,8:30 a.m. - 3 p.m.,,Yes,No,No
2022,Rockaway Market @ Beach 60th,Queens,Rockaway Freeway & Beach 60th St.,414,40.592902,-73.789051,Saturday,10 a.m. - 3 p.m.,,Yes,No,No
2022,Socrates Sculpture Park,Queens,32-01 Vernon Blvd,401,40.767634,-73.936314,Saturday,10 a.m. - 2 p.m.,,Yes,No,No
2022,Soul To Soul Community Farm Stand,Manhattan,Adam Clayton Powell Jr. Blvd. bet. 110th & 111th Sts.,110,40.799441,-73.955303,Thursday & Friday,11 a.m - 5:30 p.m.,,Yes,No,No
2022,Soul To Soul Community Farm Stand (year-round),Manhattan,2079 Frederick Douglass Blvd,101,40.802156,-73.957032,Tuesday-Friday,11 a.m. - 5 p.m. (summer); 10 a.m. - 4 p.m. (winter),,Yes,Yes,No
2022,Sovereign Markets,Queens,Laurelton Long Island Railroad Station Commuter Parking Lot - Prospect Ct. bet. 224th & 225th Sts. 11413,413,40.668389,-73.751972,Saturday,11 a.m. - 3 p.m.,,Yes,No,No
2022,St. George Greenmarket,Staten Island,Hyatt St & St Marks Pl,501,40.641586,-74.0779,Saturday,8 a.m. - 2 p.m.,,Yes,Yes,No
2022,Staten Island Mall Greenmarket,Staten Island,Marsh Ave. & Ring Rd.,502,40.583804,-74.161245,Saturday,8 a.m. - 2 p.m.,,Yes,No,No
2022,Stuyvesant Town Greenmarket,Manhattan,"E. 14th. St. Loop & Avenue A, in the Oval",103,40.730443,-73.980339,Sunday,9:30 a.m. - 4 p.m.,,Yes,No,No
2022,Sunnyside Greenmarket,Queens,Skillman Ave. bet 42nd & 43rd Sts,402,40.746999,-73.921724,Saturday,8 a.m. - 2 p.m.,,Yes,Yes,No
2022,Tompkins Square Greenmarket,Manhattan,E. 7th St. & Avenue A,103,40.726054,-73.983534,Sunday,9 a.m. - 5 p.m.,,Yes,Yes,No
2022,Tribeca Greenmarket,Manhattan,Greenwich & Chambers Sts,101,40.716303,-74.010966,Wednesday,8 a.m. - 3 p.m.,,Yes,Yes,No
2022,Tucker Square Greenmarket,Manhattan,W 66th St & Broadway,107,40.773876,-73.982226,Thursday & Saturday,8 a.m. - 4 p.m.,,Yes,Yes,No
2022,Two Bridges Youth Market,Manhattan,50 Madison St. (in front of Hamilton-Madison House Community Center),103,40.711958,-73.997825,Sunday,10:30 a.m. - 3:30 p.m.,,Yes,No,No
2022,Union Square Greenmarket,Manhattan,E 17th St & Union Square W,105,40.737133,-73.990329,"Monday, Wednesday, Friday & Saturday",8 a.m. - 6 p.m.,,Yes,Yes,No
2022,Uptown Good Food,Manhattan,330 St Nicholas Ave. (St. Nicholas Miracle Garden),110,40.81172,-73.951795,Thursday,5-7 p.m.,,Yes,No,No
2021,170 Farm Stand,Bronx,1406 Townsend Ave.,204,40.840138,-73.916591,Wednesday,2:30 - 6:30 p.m.,,Yes,No,No
2021,175th Street Greenmarket,Manhattan,W. 175th St. bet. Wadsworth Ave. & Broadway,112,40.845948,-73.937811,Thursday,8 a.m. - 4 p.m.,,Yes,No,No
2021,4th Ave Sunset Park Greenmarket,Brooklyn,4th Ave. bet. 59th & 60th Sts.,307,40.641435,-74.017815,Saturday,8 a.m. - 3 p.m.,,Yes,No,No
2021,57th Street Greenmarket,Manhattan,W. 57th St. & 10th Ave.,104,40.769117,-73.988559,Wednesday & Saturday,8 a.m. - 5 p.m.,,Yes,No,No
2021,79th Street Greenmarket,Manhattan,Columbus Ave. bet. W. 78th & 81st Sts.,107,40.781274,-73.975995,Sunday,9 a.m. - 5 p.m.,,Yes,Yes,No
2021,7th Ave Sunset Park Greenmarket,Brooklyn,7th Ave. & 44th St.,307,40.645807,-74.002414,Saturday,8 a.m. - 3 p.m.,,Yes,Yes,No
2021,82nd Street Greenmarket,Manhattan,E. 82nd St. bet. 1st & York Aves.,108,40.774292,-73.951262,Saturday,9 a.m. - 2:30 p.m.,,Yes,Yes,No
2021,92nd Street Greenmarket,Manhattan,E. 92nd St. & 1st Ave.,108,40.780691,-73.946592,Sunday,9 a.m. - 4 p.m.,,Yes,No,No
2021,97th Street Greenmarket,Manhattan,W. 97th St. bet. Columbus & Amsterdam Aves.,107,40.793558,-73.967016,Friday,8 a.m. - 2 p.m.,,Yes,Yes,No
2021,Abingdon Square Greenmarket,Manhattan,Hudson& W. 12th Sts.,102,40.737553,-74.005687,Saturday,8 a.m. - 2 p.m.,,Yes,Yes,No
2021,Astor Place Greenmarket,Manhattan,Astor Pl. bet. Broadway & Lafayette,102,40.730079,-73.992842,Tuesday,8 a.m. - 5 p.m.,,Yes,No,No
2021,Bartel-Pritchard Square Greenmarket,Brooklyn,Prospect Park W. & 15th St.,306,40.661154,-73.980172,Wednesday & Sunday,8 a.m. - 3 p.m. (W); 9 a.m. - 3 p.m. (S),,Yes,Yes,No
2021,Bay Ridge Greenmarket,Brooklyn,95th St. & 3rd Ave.,108,40.784516,-73.949825,Saturday,8 a.m. - 3 p.m.,,Yes,No,No
2021,Bensonhurst Greenmarket,Brooklyn,81st St. & 18th Ave.,311,40.609951,-73.999456,Sunday,9 a.m. - 4 p.m.,,Yes,No,No
2021,Bissel Gardens Farmers Market,Bronx,Baychester Ave & E 241st St,212,40.90152,-73.846937,Saturday,10 a.m. - 5 p.m.,,Yes,No,No
2021,Borough Park Greenmarket,Brooklyn,14th Ave. bet. 49th & 50th Sts.,312,40.633696,-73.989916,Thursday,8 a.m. - 3 p.m.,,Yes,No,No
2021,Bowling Green Greenmarket,Manhattan,Broadway & Battery Pl.,101,40.704549,-74.01429,Tuesday & Thursday,8 a.m. - 5 p.m.,,Yes,Yes,No
2021,Bronx Borough Hall Greenmarket,Bronx,Grand Concourse bet. E. 161st & 162nd Sts.,204,40.826835,-73.922621,Tuesday,8 a.m. - 4 p.m.,,Yes,No,No
2021,Bronxworks Farmer Market,Bronx,1130 Grand Concourse,204,40.832759,-73.919296,Thursday,10 a.m. - 4 p.m.,,Yes,No,No
2021,Brooklyn Borough Hall Greenmarket,Brooklyn,Court & Montague Sts.,302,40.693722,-73.990455,"Tuesday, Thursday & Saturday",8 a.m. - 5 p.m.,,Yes,Yes,No
2021,Brooklyn Grange Farm Stand at Long Island City,Queens,3718 Northern Blvd. (Roof),401,40.752096,-73.925887,Saturday,10 a.m. - 3 p.m.,,Yes,No,No
2021,Brooklyn Grange Farm Stand at Sunset Park,Brooklyn,850 3rd Ave. (Roof),306,40.658518,-74.003327,Sunday,10 a.m. - 3 p.m.,,Yes,No,No
2021,Brownsville Pitkin Farmstand,Brooklyn,Pitkin Ave. & Thomas Boyland St.,306,40.669264,-73.913554,Saturday,9 a.m. - 2 p.m.,,Yes,No,No
2021,Carroll Gardens Greenmarket,Brooklyn,Carroll St. bet. Smith & Court Sts.,306,40.68106,-73.996528,Sunday,8 a.m. - 2 p.m.,,Yes,Yes,No
2021,Chelsea's Down to Earth Farmers Market,Manhattan,W. 23rd St. bet. 8th & 9th Aves.,104,40.745293,-73.998488,Saturday,9 a.m. - 3 p.m.,,Yes,No,No
2021,Children's Aid  Go!Healthy Food Box + Farmstand - Milbank Center,Manhattan,14-32 W. 118th St.,110,40.802317,-73.946351,Wednesday,3 - 5 p.m.,,Yes,Yes,No
2021,Children's Aid Go!Healthy Food Box + Farmstand - Bronx Family Center,Bronx,1515 Southern Blvd.,203,40.833734,-73.889934,Thursday,11 a.m. - 2 p.m.,,Yes,Yes,No
2021,Children's Aid Go!Healthy Food Box + Farmstand - Mirabal Sister Campus,Manhattan,21 Jumel Pl.,112,40.839305,-73.936159,Tuesday,1:30 - 3 p.m.,,Yes,No,No
2021,Children's Aid Go!Healthy Food Box + Farmstand - PS 5,Manhattan,3703 10th Ave.,112,40.85899,-73.922894,Wednesday,12 - 1:30 p.m.,,Yes,No,No
2021,Children's Aid Society Go!Healthy Food Box + Famstand - Goodhue Center,Staten Island,304 Prospect Ave.,501,40.638936,-74.097966,Tuesday,11 a.m. - 2 p.m.,,Yes,Yes,No
2021,Corona Greenmarket,Queens,Roosevelt Ave. & 103rd St.,403,40.749869,-73.862726,Friday,8 a.m. - 3 p.m.,,Yes,No,No
2021,Cortelyou Greenmarket,Brooklyn,Cortelyou & Rugby Rds.,314,40.640825,-73.965301,Sunday,8 a.m. - 3 p.m.,,Yes,Yes,No
2021,Cunningham Park's Down to Earth Farmers Market,Queens,Union Tpk. & 196 Pl.,408,40.731082,-73.773997,Sunday,9 a.m. - 2 p.m.,,Yes,No,No
2021,Cypress Hills Farmstand,Brooklyn,Fulton St. bet. Richmond & Logan Sts.,305,40.682391,-73.913554,Friday,10 a.m. - 3 p.m.,,Yes,No,No
2021,Dag Hammarskjold Plaza Greenmarket,Manhattan,E. 47th St. & 2nd Ave.,106,40.752999,-73.969887,Wednesday,8 a.m. - 4 p.m.,,Yes,Yes,No
2021,Ditmars Park Farmstand,Queens,Steinway St. bet. Ditmars Blvd. & 23rd Ave.,401,40.772854,-73.906061,Saturday,9:30 a.m. - 2 p.m.,,Yes,No,No
2021,Domino Park Greenmarket,Brooklyn,15 River St.,301,40.717122,-73.966671,Sunday,9 a.m. - 3 p.m.,,Yes,No,No
2021,East New York Farmers Market I,Brooklyn,Schenck Ave. bet. New Lots & Livonia Aves.,305,40.665296,-73.886557,Saturday,9 a.m. - 3 p.m.,,Yes,No,No
2021,East New York Farmers Market II,Brooklyn,Euclid & Pitkin Aves.,305,40.675404,-73.871914,Wednesday,1:30 - 5:30 p.m.,,Yes,No,No
2021,Eastchester Farmstand,Bronx,E. 229th St. & Schieffelin Ave.,212,40.88503,-73.843146,Thursday,9:30 a.m. - 3 p.m.,,Yes,No,No
2021,Edgemere Farm Market,Queens,385 Beach 45th St.,414,40.595255,-73.776524,Saturday & Sunday,9 a.m. - 2 p.m.,,Yes,No,No
2021,Edible Schoolyard NYC's Farm Stand at PS 216,Brooklyn,350 Ave. X,315,40.590564,-73.969964,Friday (every other),9 a.m. - 3:30 p.m.,,Yes,Yes,No
2021,Elmhurst Hospital Greenmarket,Queens,41st Ave. bet. 80th & 81st Sts.,404,40.745794,-73.885489,Tuesday,8 a.m. - 4 p.m.,,Yes,No,No
2021,Far Rock Farm Stand,Queens,385 Beach 45th St.,431,40.595612,-73.776551,Saturday,10 a.m. - 2 p.m.,,Yes,No,No
2021,Flatbush Junction Farmstand,Brooklyn,Nostrand & Flatbush Aves.,314,40.632886,-73.947698,Saturday,9 a.m. - 2 p.m.,,Yes,No,No
2021,Flushing Greenmarket,Queens,"Kissena Blvd. & Maple Ave., at Maple Playground",407,40.756357,-73.825773,Wednesday,8 a.m. - 3 p.m.,,Yes,No,No
2021,Fordham Greenmarket,Bronx,Park Ave. bet. E. 189th St. & E. Fordham Rd.,206,40.860178,-73.891745,Friday,8 a.m. - 4 p.m.,,Yes,No,No
2021,Forest Hills Greenmarket,Queens,70th Ave. & Queens Blvd.,406,40.72188,-73.846383,Sunday,8 a.m. - 2 p.m.,,Yes,Yes,No
2021,Forest Park Farmstand,Queens,Myrtle Ave. & Park Lane South,409,40.701101,-73.841562,Saturday,8:30 a.m. - 3 p.m.,,Yes,No,No
2021,Fort Greene Park Greenmarket,Brooklyn,Washington Park bet. Dekalb Ave. & Willoughby St.,302,40.691707,-73.973539,Saturday,8 a.m. - 3 p.m.,,Yes,Yes,No
2021,Fort Washington Greenmarket,Manhattan,W. 168th St. & Ft. Washington Ave.,112,40.842154,-73.942278,Tuesday,8 a.m. - 4 p.m.,,Yes,No,No
2021,Fulton Stall Market,Manhattan,Pier 17 Square,101,40.705799,-74.002572,Saturday,11 a.m. - 5 p.m.,,Yes,No,No
2021,Gouverneur Health Farmstand,Manhattan,Madison St. bet. Clinton & Jefferson Sts.,103,40.712905,-73.986928,Thursday,9 a.m. - 2 p.m.,,Yes,No,No
2021,Grand Army Plaza Greenmarket,Brooklyn,"Flatbush Ave. & Prospect Park W., at Prospect Park’s NW Entrance",355,40.663812,-73.962866,Saturday,8 a.m. - 4 p.m.,,Yes,Yes,No
2021,Grass Roots Farmers' Market,Manhattan,"W. 145th St. bet. Edgecombe & Bradhurst Aves., at Jackie Robinson Park",109,40.823647,-73.943844,Tuesday & Saturday,9 a.m. - 4 p.m.,,Yes,No,No
2021,Hamilton Heights Green Youthmarket,Manhattan,"Amsterdam bet. W. 143rd & 144th Sts., at Johnny Hartman Plaza",109,40.82394,-73.948552,Wednesday,10:30 a.m. - 6 p.m.,,Yes,No,No
2021,Harvest Home Brower Park Farm Stand,Brooklyn,Brooklyn Ave. & Prospect Pl.,308,40.674,-73.944544,Thursday,8 a.m. - 4 p.m.,,Yes,No,No
2021,Harvest Home Coney Island Hospital Farmers Market,Brooklyn,Ocean Pkwy. bet. Ave. Z & Shore Pkwy.,313,40.5867,-73.96615,Friday,8 a.m. - 4 p.m.,,Yes,No,No
2021,Harvest Home East Harlem Farmers Market,Manhattan,E. 104th St. & 3rd Ave.,111,40.7903,-73.945635,Thursday,8 a.m. - 4 p.m.,,Yes,No,No
2021,Harvest Home Harlem Hospital Farmers Market,Manhattan,W. 137th St. & Lenox Ave.,110,40.815403,-73.93991,Friday,8 a.m. - 4 p.m.,,Yes,No,No
2021,Harvest Home Hunts Point Farm Stand,Bronx,E. 163rd St. & Hunts Point Ave. (Monsignor Del Valle Park),202,40.821,-73.891613,Wednesday,8 a.m. - 4 p.m.,,Yes,No,No
2021,Harvest Home Jacobi Hospital Farmers Market,Bronx,"1400 Pelham Pkwy. S., at Eastchester Rd.",211,40.8574,-73.847079,Friday,8 a.m. - 4 p.m.,,Yes,No,No
2021,Harvest Home Kings County Hospital Farmers Market,Brooklyn,Clarkson Ave. bet. E. 37th & 38th Sts.,317,40.6558,-73.943355,Wednesday,8 a.m. - 4 p.m.,,Yes,No,No
2021,Harvest Home Lenox Avenue Farm Stand,Manhattan,Lenox Ave. bet. W. 117 & 118 Sts.,110,40.802699,-73.949186,Saturday,8 a.m. - 4 p.m.,,Yes,No,No
2021,Harvest Home Metropolitan Hospital Farmers Market,Manhattan,E. 97th St. & 2nd Ave.,111,40.784943,-73.946589,Friday,8 a.m. - 4 p.m.,,Yes,No,No
2021,Harvest Home Mt. Eden Malls Farmers Market,Bronx,Mt. Eden & Morris Aves. (Claremont Park),204,40.8429,-73.909558,Tuesday & Thursday,8 a.m. - 4 p.m.,,Yes,No,No
2021,Harvest Home North Central Bronx Farmers Market,Bronx,Mosholu Pkwy. & Jerome Ave.,207,40.8797,-73.884661,Wednesday,8 a.m. - 4 p.m.,,Yes,No,No
2021,Harvest Home St. Mary's Park Farm Stand,Bronx,E. 149th St. & Eagle Ave. (St. Mary's Park),201,40.8139,-73.911812,Thursday,8 a.m. - 4 p.m.,,Yes,No,No
2021,Harvest Hope Co-op City Farm Stand,Bronx,Asch Loop & Aldrich Ave.,210,40.8702,-73.830963,Wednesday,8 a.m. - 4 p.m.,,Yes,No,No
2021,Hattie Carthan Community Market,Brooklyn,363-365 Clifton Pl.,303,40.689628,-73.946882,Wednesday & Saturday,12 - 6 p.m. (W); 9 a.m. -3 p.m. (S),,Yes,No,No
2021,Hattie Carthan Herbal Apothecary Market,Brooklyn,48 Van Buren St.,303,40.690036,-73.943557,Sunday,1 - 6 p.m.,,Yes,No,No
2021,Hudson Yards Farmers Market,Manhattan,20 Hudson Yards,104,40.753308,-74.00009,Tuesday & Thursday,10 a.m. - 6 p.m.,,No,No,No
2021,Inwood Park Greenmarket,Manhattan,Isham St. bet. Seaman Ave. & Cooper St.,112,40.869001,-73.920896,Saturday,8 a.m. - 3 p.m.,,Yes,Yes,No
2021,Isabahlia Farm Stand,Brooklyn,514 Rockaway Ave.,316,40.667554,-73.910207,Friday & Saturday,8 a.m. - 3:30 p.m.,,Yes,No,No
2021,Isabahlia Farm Stand Winter Market,Brooklyn,93 New Lots Ave. (Inside greenhouse),316,40.657984,-73.901764,Saturday,8:30 a.m. - 1:30 p.m.,,Yes,No,No
2021,Isabahlia Farmers Market,Brooklyn,410 Livonia Ave.,316,40.663532,-73.902236,Saturday,8:30 a.m. - 1:30 p.m.,,Yes,No,No
2021,Jackson Heights Greenmarket,Queens,34th Ave. bet. 79th & 80th Sts.,403,40.753435,-73.887822,Sunday,8 a.m. - 2 p.m.,,Yes,Yes,No
2021,James Baldwin Outdoor Learning Center (JBOLC) Garden Community Farmers Market,Bronx,Sedgwick Ave. bet. Goulden Ave. & Mosholu Pkwy.,207,40.882647,-73.886562,Saturday,10 a.m. - 2 p.m.,,Yes,No,No
2021,Kensington Farmstand,Brooklyn,McDonald Ave. & Albermarle Rd.,312,40.64511,-73.979882,Saturday,8:30 a.m. - 3 p.m.,,Yes,No,No
2021,La Familia Verde Farmers Market,Bronx,E. Tremont Ave. bet. Moneterey & LaFontaine Aves.,206,40.846629,-73.896057,Tuesday,8 a.m.- 2 p.m.,,Yes,No,No
2021,Learn It Grow It Eat It Farmstand,Bronx,169th St. & Boston Rd. at McKinley Square,203,40.83082,-73.900779,Wednesday,8 a.m. - 3 p.m.,,Yes,No,No
2021,Lincoln Hospital Greenmarket,Bronx,E. 149th St. bet. Park & Morris Aves.,201,40.818013,-73.925185,Tuesday,8 a.m. - 3 p.m.,,Yes,No,No
2021,Lower East Side Farmstand,Manhattan,Grand St. bet. Pitt & Willet Sts.,103,40.71521,-73.984258,Thursday,10 a.m. - 3 p.m.,,Yes,No,No
2021,McCarren Park Greenmarket,Brooklyn,Union Ave. bet. Driggs & N. 12th Sts.,301,40.719219,-73.952479,Saturday,8 a.m. - 2 p.m.,,Yes,Yes,No
2021,McGolrick Park's Down to Earth Farmers Market,Brooklyn,Russell St. & Nassau Ave. (Center of park),301,40.725617,-73.944497,Sunday,10 a.m. - 3 p.m.,,Yes,No,No
2021,Mitch's Provisions,Brooklyn,370 Tompkins Ave.,303,40.684816,-73.944217,Wednesday & Thursday,1 - 4 p.m. (W); 4 - 7 p.m. (T),,No,Yes,No
2021,Morning Glory Market at the New York Botanical Gardens,Bronx,2900 Southern Blvd.,227,40.865684,-73.883312,Wednesday,10 a.m. - 4 p.m.,,Yes,No,No
2021,Morningside Park's Down to Earth Farmers Market,Manhattan,W. 110th St. & Manhattan Ave.,107,40.801155,-73.959647,Saturday,9 a.m. - 4 p.m. (winter closes at 3 p.m.),,Yes,Yes,No
2021,Mott Haven Farm Stand,Bronx,545 E. 142nd St.,201,40.809973,-73.916434,Wednesday,9 a.m. - 3 p.m.,,Yes,No,No
2021,Mount Sinai Greenmarket,Manhattan,E. 99th St. bet. Madison & Park Aves.,111,40.789169,-73.952743,Wednesday,8 a.m. - 5 p.m.,,Yes,No,No
2021,Myrtle Wycoff Greenmarket,Queens,Myrtle Ave. bet. Wyckoff & Gates Aves.,405,40.699798,-73.911523,Thursday,8 a.m. - 3 p.m.,,Yes,No,No
2021,New Roots Farm Stand,Bronx,670 Grand Concourse,204,40.821737,-73.925246,Tuesday,3 - 7 p.m.,,Yes,No,No
2021,Norwood Farmstand,Bronx,E. Gun Hill Rd. & Dekalb Ave.,207,40.88222,-73.880458,Thursday,8 a.m. - 4 p.m.,,Yes,Yes,No
2021,Park Slope's Down to Earth Farmers Market,Brooklyn,4th St. & 5th Ave.,306,40.672194,-73.983785,Sunday,10 a.m. - 4 p.m. (winter closes at 3 p.m.),,Yes,Yes,No
2021,Parkchester Greenmarket,Bronx,Cross Bronx Expwy. & White Plains Rd.,209,40.833966,-73.862892,Friday,8 a.m. - 4 p.m.,,Yes,No,No
2021,Poe Park Greenmarket,Bronx,E. 192 St. & Grand Concourse,207,40.864216,-73.895795,Tuesday,8 a.m. - 3 p.m.,,Yes,No,No
2021,PS 11 Farm Market,Manhattan,320 W. 21st St.,104,40.744349,-74.000253,Wednesday,8 - 10 a.m.,,Yes,No,No
2021,PS 57 Farmstand,Manhattan,115th St. & 3rd Ave.,111,40.797261,-73.940519,Wednesday,9:30 a.m.- 4 p.m.,,Yes,No,No
2021,Queens Botanical Garden's Down to Earth Farmers Market,Queens,82 Dahlia Ave.,407,40.75186,-73.826362,Friday,8:30 a.m. - 4 p.m.,,Yes,No,No
2021,Queens County Farm Museum Farm Stand,Queens,73-50 Little Neck Pkwy.,413,40.748163,-73.719431,Wednesday - Sunday,11 a.m. - 3 p.m. (W) ; 11 a.m. - 5 p.m. (T-S),,Yes,No,No
2021,Queens Farm - Jamaica,Queens,13420 Jamaica Ave.,409,40.70236,-73.818531,Friday,10:30 a.m. - 3:30 p.m.,,Yes,No,No
2021,Queens Farm - Queens Borough Hall,Queens,120-55 Queens Blvd.,409,40.713318,-73.82858,Thursday,10 a.m. - 3 p.m.,,Yes,No,No
2021,Queens Village Farmers Market,Queens,Amboy Ln. & Springfield Blvd. (LIRR Parking Lot),413,40.717978,-73.735337,Sunday,11 a.m. - 4 p.m.,,Yes,No,No
2021,Red Hook Farm Stand,Brooklyn,767 Hicks St.,306,40.672524,-74.00871,Tuesday,11 a.m. - 1 p.m.,,Yes,No,No
2021,Ridgewood Farmstand,Queens,Cypress & Myrtle Aves.,405,40.700123,-73.90621,Saturday,8:30 a.m. - 3 p.m.,,Yes,No,No
2021,RiseBoro Farmers Market at Bethel Church,Brooklyn,215 Cooper St.,304,40.689879,-73.905298,Thursday,11 a.m. - 3 p.m.,,Yes,No,No
2021,RiseBoro Farmers Market at Hopefield,Brooklyn,Knickerbocker Ave. & Grove St.,304,40.69768,-73.916366,Wednesday,10 a.m. - 4 p.m.,,Yes,No,No
2021,RiseBoro Farmers Market at Maria Hernandez Park,Brooklyn,Knickerbocker Ave. & Starr St.,304,40.702811,-73.92539,Saturday,9 a.m. - 3 p.m.,,Yes,No,No
2021,Riverdale Y Sunday Farmers Market,Bronx,4545 Independence Ave. (Riverdale Temple Parking Lot),208,40.891762,-73.912208,Sunday,9 a.m. - 2 p.m.,,Yes,No,No
2021,Rockefeller Center Greenmarket,Manhattan,Rockefeller Plaza bet. W. 49th & 50th Sts.,105,40.757912,-73.977653,"Wednesday, Thursday & Friday",8 a.m. - 5 p.m.,,Yes,No,No
2021,Saratoga Farm Stand,Brooklyn,1965-1971 Fulton St.,316,40.678562,-0.000079704,Saturday,9 a.m. -2 p.m.,,Yes,No,No
2021,Seeds in the Middle Fresh Food Box / Farmstand - Brownsville,Brooklyn,213 Osborn St.,316,40.667377,-73.908214,Friday,11 a.m. - 3 p.m.,,Yes,Yes,No
2021,Seeds in the Middle Fresh Food Box / Farmstand - Flatbush,Brooklyn,2500 Nostrand Ave.,314,40.623561,-73.946279,Thursday,1 - 5 p.m.,,Yes,Yes,No
2021,Seeds in the Middle Fresh Food Box / Farmstand - Ocean Hill- Brownsville Farmstand,Brooklyn,2163 Dean St.,316,40.675024,-73.915778,Wednesday,12:30 - 3 p.m.,,Yes,Yes,No
2021,Socrates Sculpture Park,Queens,32-01 Vernon Blvd.,401,40.767634,-73.936314,Saturday,10 a.m. - 2 p.m.,,Yes,No,No
2021,Soul to Soul Community Farm Stand,Manhattan,Adam Clayton Powell Jr. Blvd. bet. 110th & 111th Sts.,110,40.799441,-73.955303,Thursday & Friday,11 a.m. - 5:30 p.m.,,Yes,No,No
2021,Soul to Soul Community Farm Stand (Winter),Manhattan,Adam Clayton Powell Jr. Blvd. bet. 110th & 111th Sts.,110,40.799441,-73.955303,Thursday & Friday,10 a.m. - 4 p.m.,,Yes,No,No
2021,South Williamsburg Greenmarket,Brooklyn,Taylor St. & Lee Ave.,301,40.706998,-73.961364,Thursday,8 a.m. - 4 p.m.,,Yes,No,No
2021,St. Albans Farmers Market,Queens,Linden Blvd. bet. 180th & Newburg Sts. (LIRR Parking Lot),412,40.69225,-73.766682,Saturday,11 a.m. - 4 p.m.,,Yes,No,No
2021,St. George Greenmarket,Staten Island,Hyatt St. & St. Marks Pl.,501,40.641586,-74.0779,Saturday,8 a.m. - 2 p.m. (winter closes at 1 p.m.),,Yes,Yes,No
2021,Staten Island Mall Greenmarket,Staten Island,Marsh Ave. & Ring Rd.,502,40.583804,-74.161245,Saturday,8 a.m. - 3 p.m.,,Yes,No,No
2021,Stuyvesant Town Greenmarket,Manhattan,"E. 14th. St. Loop & Avenue A, in the Oval",103,40.730443,-73.980339,Sunday,9:30 a.m. - 4 p.m.,,Yes,No,No
2021,Sunnyside Greenmarket,Queens,Skillman Ave. bet. 42nd & 43rd Sts.,402,40.746999,-73.921724,Saturday,8 a.m. - 2 p.m.,,Yes,Yes,No
2021,The Laurelton Farmers Market,Queens,Prospect Ct. bet. 224th & 225th Sts. (LIRR Parking Lot),413,40.668389,-73.751972,Saturday & Sunday,11 a.m. - 4 p.m.,,Yes,No,No
2021,Tompkins Square Greenmarket,Manhattan,E. 7th St. & Avenue A,103,40.726054,-73.983534,Sunday,9 a.m. - 5 p.m.,,Yes,Yes,No
2021,Tribeca Greenmarket,Manhattan,Greenwich & Chambers Sts.,101,40.716303,-74.010966,Wednesday,8 a.m. -3 p.m.,,Yes,Yes,No
2021,Tucker Square Greenmarket,Manhattan,W. 66th St. & Broadway,107,40.773876,-73.982226,Thursday & Saturday,8 a.m. - 5 p.m.,,Yes,Yes,No
2021,Union Square Greenmarket,Manhattan,E. 17th St. & Union Square W.,105,40.737133,-73.990329,"Monday, Wednesday, Friday & Saturday",8 a.m. - 6 p.m.,,Yes,Yes,No
2021,Urban Oasis,Brooklyn,681 Clarkson Ave.,309,40.657269,-73.934066,Wednesday,2 - 5:30 p.m.,,No,No,No
2021,Van Cortlandt Park Alliance Amalgamated Housing Youth Farmstand,Bronx,Orloff Ave. & Gale Pl.,208,40.884532,-73.892172,Wednesday,1 -7 p.m.,,Yes,No,No
2021,Woodhull Hospital Farmstand,Brooklyn,Marcus Garvey Blvd. bet. Broadway & Park Ave.,303,40.700281,-73.94115,Wednesday,9 a.m. - 2 p.m.,,Yes,No,No
2021,Wyckoff House Museum Farmstand,Brooklyn,5816 Clarendon Rd.,317,40.64497,-73.920914,Saturday,11 a.m. - 3 p.m.,,Yes,No,No
2020,170 Farm Stand,Bronx,E 170th St & Townsend Ave,204,40.839882,-73.916783,Wednesday,2:30pm-6:30pm,,Yes,No,No
2020,175th Street Greenmarket,Manhattan,W 175th St bet Wadsworth Ave & Broadway,112,40.845948,-73.937811,Thursday,8am - 4pm,,Yes,No,No
2020,4th Ave Sunset Park Greenmarket,Brooklyn,4th Ave bet 59th & 60th Sts,307,40.641435,-74.017815,Saturday,8am - 3pm,,Yes,No,No
2020,57th Street Greenmarket,Manhattan,W 57th St & 10th Ave,104,40.769117,-73.988559,"Wednesday
Saturday",8am-5pm,,Yes,No,No
2020,6th Ave Sunset Park Greenmarket,Brooklyn,44th St & 6th Ave,307,40.647132,-74.004623,Saturday,8am-3pm,,Yes,Yes,No
2020,79th Street Greenmarket,Manhattan,Columbus Ave bet W 78th & 81st Sts,107,40.781274,-73.975995,Sunday,9am - 5pm,,Yes,Yes,No
2020,82nd Street Greenmarket,Manhattan,E 82nd St bet 1st & York Aves,108,40.774292,-73.951262,Saturday,9am - 2:30pm,,Yes,Yes,No
2020,92nd Street Greenmarket,Manhattan,E 92nd St & 1st Ave,108,40.780691,-73.946592,Sunday,9am-4pm,,Yes,No,No
2020,97th Street Greenmarket,Manhattan,W 97th St bet Columbus & Amsterdam Aves,107,40.793558,-73.967016,Friday,8am - 2pm,,Yes,Yes,No
2020,Abingdon Square Greenmarket,Manhattan,Hudson St & W 12th St,102,40.737553,-74.005687,Saturday,8am - 2pm,,Yes,Yes,No
2020,Astor Place Greenmarket,Manhattan,Astor Pl bet Broadway & Lafayette,102,40.730079,-73.992842,Tuesday,8 a.m. - 4 p.m.,,Yes,No,No
2020,Bartel-Pritchard Square Greenmarket,Brooklyn,Prospect Park W & 15th St,306,40.661154,-73.980172,"Wednesday 
Sunday",W: 8am - 3pm; S: 9am-3pm,,Yes,Yes,No
2020,Bay Ridge Greenmarket,Brooklyn,95th St & 3rd Ave,310,40.617278,-74.033588,Saturday,8am - 3pm,,Yes,No,No
2020,Bensonhurst Greenmarket,Brooklyn,81st St & 18th Ave,311,40.609951,-73.999456,Sunday,9am - 4pm,,Yes,No,No
2020,Bissel Gardens Farmers Market,Bronx,Baychester Ave & E 241st St,212,40.90152,-73.846937,Saturday,10am-5pm,,Yes,No,No
2020,Borough Park Greenmarket,Brooklyn,14th Ave bet 49th & 50th Sts,312,40.633696,-73.989916,Thursday,8am - 3pm,,Yes,No,No
2020,Bowling Green Greenmarket,Manhattan,Broadway & Battery Pl,101,40.704549,-74.01429,"Tuesday
Thursday",8am - 5pm,,Yes,Yes,No
2020,Bronx Borough Hall Greenmarket,Bronx,Grand Concourse bet E 161st & 162nd Sts,204,40.826835,-73.922621,Tuesday,8am-4pm,,Yes,No,No
2020,Bronx Family Center Go!Healthy Farm Stand,Bronx,1515 Southern Blvd,203,40.833734,-73.889934,Thursday,11am-2pm,,Yes,Yes,No
2020,BronxWorks Farm Stand,Bronx,1130 Grand Concourse,204,40.832331,-73.91959,Thursday,10am-4pm,,Yes,No,No
2020,Brooklyn Borough Hall Greenmarket,Brooklyn,Court & Montague Sts,302,40.693722,-73.990455,"Tuesday 
Thursday
Saturday",8am - 5pm,,Yes,Yes,No
2020,Brooklyn Grange Farm Stand at Long Island City,Queens,37-18 Northern Blvd (Roof),401,40.752096,-73.925887,Saturday,10am-4pm,,Yes,No,No
2020,Brownsville Pitkin Farmstand,Brooklyn,Pitkin Ave & Thomas Boyland St,316,40.669264,-73.913554,Saturday,9am-2pm,,Yes,No,No
2020,Brownsville/ENY - Health & Hospitals East New York,Brooklyn,2094 Pitkin Ave.,305,40.671977,-73.895248,Wednesday,10 a.m. - 3 p.m.,,Yes,No,No
2020,Carroll Gardens Greenmarket,Brooklyn,Carroll St bet Smith & Court Sts,306,40.68106,-73.996528,Sunday,8am - 2pm,,Yes,Yes,No
2020,Chelsea's Down to Earth Farmers Market,Manhattan,W 23rd St bet 8th & 9th Aves,104,40.745293,-73.998488,Saturday,9am-4pm,,Yes,No,No
2020,City Hall Greenmarket,Manhattan,Broadway & Chambers St,101,40.714165,-74.006309,"Tuesday
Friday",8am - 4pm,,Yes,Yes,No
2020,Columbia University Greenmarket,Manhattan,Broadway & W 114th St,109,40.806707,-73.964849,"Thursday
Sunday",8am-4pm,,Yes,Yes,No
2020,Corona Greenmarket,Queens,Roosevelt Ave & 103rd St,404,40.749811,-73.861668,Friday,8am - 3pm,,Yes,No,No
2020,Cortelyou Greenmarket,Brooklyn,Cortelyou & Rugby Rds,314,40.640825,-73.965301,Sunday,8am - 3pm,,Yes,Yes,No
2020,Cunningham Park's Down to Earth Farmers' Market,Queens,Union Tpk & 196 Pl,408,40.731082,-73.773997,Sunday,9am-2pm,,Yes,No,No
2020,Cypress Hills Farmstand,Brooklyn,Fulton & Richmond Sts,305,40.682391,-73.876616,Friday,10am-5pm,,Yes,No,No
2020,Dag Hammarskjold Plaza Greenmarket,Manhattan,E 47th St & 2nd Ave,106,40.752999,-73.969887,Wednesday,8am-4pm,,Yes,Yes,No
2020,Ditmars Park Farmstand,Queens,"Steinway St bet Ditmars Blvd & 23rd Ave., at Ditmars Park",401,40.772854,-73.906061,Saturday,9:30am-2pm,,Yes,No,No
2020,Domino Park Greenmarket,Brooklyn,15 River St,301,40.715385,-73.967441,Sunday,8am - 3pm,,Yes,No,No
2020,East New York Farmers' Market,Brooklyn,Schenck Ave bet New Lots & Livonia Aves,305,40.665296,-73.886557,Saturday,9am-3pm,,Yes,No,No
2020,Eastchester Farmstand,Bronx,E 229th Street and Schieffelin Avenue,212,40.88503,-73.843146,Thursday,9:30am-3pm,,Yes,No,No
2020,Edgemere Farm Market,Queens,323 Beach 74th Street,414,40.59129,-73.802314,Saturday & Sunday,9am-2pm,,No,Yes,No
2020,Edible Schoolyard NYC's Farm Stand at PS 216,Brooklyn,E 1st St & Avenue X,315,40.590649,-73.969298,Friday,1:45pm-2:45pm,,Yes,No,No
2020,Elmhurst Hospital Greenmarket,Queens,41st Ave bet 80th & 81st Sts,404,40.745794,-73.885489,Tuesday,8am - 4pm,,Yes,No,No
2020,Essex Crossing Farm Stand & CSA pickup,Manhattan,115 Essex St.,103,40.719322,-73.987817,Saturday,10:30 a.m. - 6 p.m.,,,No,No
2020,Far Rockaway Farmstand,Queens,385 Beach 45th St,431,40.595612,-73.776551,Saturday,10am-2pm,,Yes,No,No
2020,Flatbush Junction Farmstand,Brooklyn,Nostrand & Flatbush Aves,314,40.632886,-73.947698,Saturday,9am-2pm,,Yes,No,No
2020,Flushing Greenmarket,Queens,"Kissena Blvd. & Maple Ave., at Maple Playground",407,40.756357,-73.825773,Wednesday,8am - 3pm,,Yes,No,No
2020,Fordham Plaza Greenmarket,Bronx,Park Ave bet E 189th St & E Fordham Rd,206,40.86153,-73.891063,Friday,8am-4pm,,Yes,No,No
2020,Forest Hills Greenmarket,Queens,70th Ave & Queens Blvd,406,40.72188,-73.846383,Sunday,8am - 2pm,,Yes,Yes,No
2020,Forest Park Farmstand,Queens,Myrtle Ave & Park Lane South,409,40.700955,-73.841426,Saturday,9:30am-3pm,,Yes,No,No
2020,Fort Greene Park Greenmarket,Brooklyn,Washington Park bet Dekalb Ave & Willoughby St,302,40.691707,-73.973539,Saturday,8am - 3pm,,Yes,Yes,No
2020,Fort Washington Greenmarket,Manhattan,W 168th St & Ft Washington Ave,112,40.842154,-73.942278,Tuesday,8am - 4pm,,Yes,No,No
2020,Fulton Stall Market,Manhattan,Pier 17 Square,101,40.705799,-74.002572,Sunday,11am-5pm,,Yes,No,No
2020,Go!Healthy Farm Stand at Mirabal Sisters Campus,Manhattan,21 Jumel Pl.,112,40.839305,-73.936159,Friday,11am-2pm,,Yes,No,No
2020,Goodhue Center Go!Healthy Farm Stand,Staten Island,301 Prospect Ave,501,40.638983,-74.097422,Tuesday,11am-2pm,,Yes,No,No
2020,Gouverneur Health Farmstand,Manhattan,Madison St bet Clinton & Jefferson Sts,103,40.712905,-73.986928,Thursday,9am-2pm,,Yes,No,No
2020,Graham Avenue Farmers' Market,Brooklyn,Cook St & Graham Ave,301,40.702345,-73.942381,Saturday,9am-5pm,,Yes,No,No
2020,Grand Army Plaza Greenmarket,Brooklyn,"Flatbush Ave. & Prospect Park W., at Prospect Park’s NW Entrance",355,40.663812,-73.962866,Saturday,8am-4pm,,Yes,Yes,No
2020,Grass Roots Farmers' Market,Manhattan,"W 145th St bet Edgecombe & Bradhurst Aves, at Jackie Robinson Park",109,40.823647,-73.943844,"Tuesday
Saturday",9am-4pm,,Yes,No,No
2020,Greenmarket at Oculus Plaza,Manhattan,"Church & Fulton Sts., on Oculus Plaza",101,40.711535,-74.010464,Tuesday,7am-7pm,,Yes,Yes,No
2020,Guy R Brewer Boulevard Farmers Market at NYC Health + Hospitals/Queens,Queens,114-02 Guy R Brewer Blvd,412,40.688615,-73.785593,Tuesday,8am-4pm,,No,No,No
2020,Hamilton Heights Green Youthmarket,Manhattan,"Amsterdam bet W 143rd & 144th Sts., at Johnny Hartman Plaza",109,40.82394,-73.948552,Wednesday,11am-6pm,,Yes,No,No
2020,Harvest Home Brower Park Farm Stand,Brooklyn,Brooklyn Ave & Prospect Pl,308,40.674007,-73.944544,Thursday,8am-3pm,,Yes,No,No
2020,Harvest Home Coney Island Hospital Farmers' Market,Brooklyn,Ocean Pkwy bet Avenue Z & Shore Pkwy,313,40.58667,-73.96615,Friday,8am-4pm,,Yes,No,No
2020,Harvest Home Co-op City Farm Stand,Bronx,Asch Loop & Aldrich St,210,40.870249,-73.830963,Wednesday,8am-4pm,,Yes,No,No
2020,Harvest Home East Harlem Farmers' Market,Manhattan,104th St & 3rd Ave,111,40.790253,-73.945635,Thursday,8am-4pm,,Yes,No,No
2020,Harvest Home Harlem Hospital Farmers' Market,Manhattan,Lenox Ave bet 135th & 137th Sts,110,40.814358,-73.940659,Friday,8am-6pm,,Yes,No,No
2020,Harvest Home Hunts Point Farm Stand,Bronx,E 163rd St & Hunts Point Ave,202,40.820986,-73.891613,Wednesday,8am-4pm,,Yes,No,No
2020,Harvest Home Jacobi Hospital Farmers' Market,Bronx,"1400 Pelham Pkwy S, at Eastchester Rd",211,40.857427,-73.847079,Friday,8am-4pm,,Yes,No,No
2020,Harvest Home Kings County Hospital Farmers' Market,Brooklyn,Clarkson Ave bet E 37th & 38th Sts,317,40.655828,-73.943355,Wednesday,8am-6pm,,Yes,No,No
2020,Harvest Home Lenox Ave Farm Stand,Manhattan,Lenox Ave bet W 117th & 118th Sts,110,40.802699,-73.949186,Saturday,8am-4pm,,Yes,No,No
2020,Harvest Home Metropolitan Farmers' Market,Manhattan,E 99th St & 3rd Ave,111,40.78712,-73.947923,Friday,8am-4pm,,Yes,No,No
2020,Harvest Home Mt. Eden Farmers' Market,Bronx,Mt Eden & Morris Aves,204,40.842924,-73.909558,"Tuesday
Thursday",8am-4pm,,Yes,No,No
2020,Harvest Home North Central Bronx Farmers' Market,Bronx,Mosholu Pkwy & Jerome Ave,207,40.879749,-73.884661,Wednesday,8am-4pm,,Yes,No,No
2020,Harvest Home St. Mary's Park Farm Stand,Bronx,E 149th St & Eagle Ave,201,40.813884,-73.911812,Thursday,8am-4pm,,Yes,No,No
2020,Hattie Carthan After Church Farmers' Market,Brooklyn,49 Van Buren St,303,40.690036,-73.943557,Sunday,1pm-6pm,,Yes,No,No
2020,Hattie Carthan Community Farmers' Market,Brooklyn,Marcy Ave & Clifton Pl,303,40.689511,-73.948039,Saturday,9am-3pm,,Yes,No,No
2020,Inwood Park Greenmarket,Manhattan,Isham St bet Seaman Ave & Cooper St,112,40.869001,-73.920896,Saturday,8am - 3pm,,Yes,Yes,No
2020,Isabahlia Farm Stand,Brooklyn,514 Rockaway Ave,316,40.667554,-73.910207,Friday & Saturday,"(F) 9am - 4pm
(S) 9am-3pm",,Yes,No,No
2020,Isabahlia Farm Stand Winter Market,Brooklyn,"93 New Lots Ave., inside greenhouse",316,40.657984,-73.901764,Saturday,8am-1pm,,Yes,No,No
2020,Isabahlia Farmers' Market,Brooklyn,410 Livonia Ave,316,40.663532,-73.902236,Saturday,8am-3pm,,Yes,No,No
2020,Jackson Heights Greenmarket,Queens,34th Ave bet 79th & 80th Sts,403,40.753435,-73.887822,Sunday,8am - 2pm,,Yes,Yes,No
2020,Joseph Addabbo FHC Farm Stand,Queens,6200 Beach Channel Dr,414,40.593313,-73.79166,Saturday,8am-2pm,,No,No,No
2020,Kensington Farmstand,Brooklyn,McDonald Ave & Albemarle Rd,312,40.64511,-73.979882,Saturday,8:30am-3pm,,Yes,No,No
2020,Kingsbridge-Riverdale Farmers' Market,Bronx,260 W 231st St,208,40.880038,-73.907005,Sunday,9am-5pm,,Yes,No,No
2020,La Familia Verde Farmers' Market,Bronx,E Tremont Ave bet LaFontaine & Arthur Aves,206,40.846487,-73.894337,Tuesday,8am-2pm,,Yes,No,No
2020,Lincoln Hospital Greenmarket,Bronx,E 149th St bet Park & Morris Aves,201,40.818013,-73.925185,"Tuesday 
Friday",8am - 3pm,,Yes,No,No
2020,Lower East Side Farmstand,Manhattan,Grand Ave bet Pitt & Willet Sts,103,40.714932,-73.983338,Thursday,8am-3pm,,Yes,No,No
2020,McCarren Park Greenmarket,Brooklyn,Union Ave bet Driggs and N 12th Sts,301,40.719219,-73.952479,Saturday,8am - 2pm,,Yes,Yes,No
2020,McGolrick Park's Down to Earth Farmers's Market,Brooklyn,Russell St. & Nassau Ave. (center of park),301,40.725617,-73.944497,Sunday,10am - 3pm,,Yes,No,No
2020,Milbank Center Go!Healthy Farm Stand,Manhattan,14-32 W 118th St,110,40.802317,-73.946351,Wednesday,3-5pm,,Yes,Yes,No
2020,Morning Glory Market at the New York Botanical Gardens,Bronx,2900 Southern Blvd.,227,40.865684,-73.883312,Wednesday,10am-3pm,,Yes,No,No
2020,Morningside Park's Down to Earth Farmers' Market,Manhattan,W 110th St & Manhattan Ave,107,40.801155,-73.959647,Saturday,9am-4pm (winter closes at 3pm),,Yes,Yes,No
2020,Morrisania Farmstand,Bronx,"E 169th St & Boston Rd, at McKinley Square",203,40.831117,-73.90071,Wednesday,10am-3pm,,Yes,No,No
2020,Mott Haven Farmers Market,Bronx,545 E 142nd St,201,40.809973,-73.916434,Monday,9am-3pm,,Yes,No,No
2020,Mount Sinai Hospital Greenmarket,Manhattan,E 99th St bet Madison & Park Aves,111,40.789169,-73.952743,Wednesday,8am-5pm,,Yes,No,No
2020,New Roots Community Farm Stand,Bronx,670 Grand Concourse (153rd & Grand Concourse),204,40.821403,-73.925528,Tuesday,3pm-7pm,,Yes,No,No
2020,Norwood Farmstand,Bronx,E Gun Hill Rd & Dekalb Ave,207,40.88222,-73.880458,Thursday,10am-5pm,,Yes,Yes,No
2020,Park Slope's Down to Earth Farmers' Market,Brooklyn,4th St & 5th Ave,306,40.672194,-73.983785,Sunday,10am-4pm (winter closes at 3pm),,Yes,Yes,No
2020,Parkchester Greenmarket,Bronx,Westchester Ave & White Plains Rd,209,40.833992,-73.862148,Friday,8am - 4pm,,Yes,No,No
2020,Poe Park Greenmarket,Bronx,E 192 St & Grand Concourse,207,40.864216,-73.895795,Tuesday,8am - 3pm,,Yes,No,No
2020,Project EATS Rockaway Farm Stand & CSA pickup,Brooklyn,Rockaway Ave. & Livonia Ave.,316,40.662555,-73.90892,Friday,8 a.m. - 5 p.m.,,Yes,No,No
2020,PS 11 Farm Market,Manhattan,W 21st St bet 8th & 9th Aves,104,40.744006,-73.999415,Wednesday,8am-10am,,Yes,No,No
2020,PS 5 Go!Healthy Farm Stand,Manhattan,3703 10th Ave,112,40.85899,-73.922894,Wednesday,10am - 2pm,,Yes,No,No
2020,PS 57 Farmstand,Manhattan,E 115th St & 3rd Ave,111,40.797261,-73.940519,Wednesday,9am-4pm,,Yes,No,No
2020,Queens Botanical Garden's Down to Earth Farmers' Market,Queens,82 Dahlia Ave,407,40.75186,-73.826362,Friday,8:30am - 4pm,,Yes,No,No
2020,Queens County Farm Museum Farm Stand,Queens,73-50 Little Neck Pkwy,413,40.748163,-73.719431,"Wednesday, Thursday, Friday; Saturday and Sunday",11am-3pm (weekends); 11am-5pm,,Yes,No,No
2020,Queens County Farm Museum Farm Stand at Jamaica Hospital,Queens,134-20 Jamaica Ave.,409,40.702445,-73.816861,Friday,10am-3pm,,Yes,No,No
2020,RB Bushwick Farmers' Market at Maria Hernandez Park,Brooklyn,Knickerbocker Ave & Starr St,304,40.702811,-73.92539,Saturday,9am-4pm,,Yes,No,No
2020,RB HopeBall Field Farmers Market,Brooklyn,249 Grove St,304,40.697175,-73.916878,Wednesday,9am-3pm,,Yes,No,No
2020,RB Pop Up Farm Stand,Brooklyn,215 Cooper St,304,40.689879,-73.905298,Thursday,12pm-5pm,,Yes,No,No
2020,Red Hook Farm Stand,Brooklyn,560 Columbia St,306,40.672524,-74.00871,Saturday,10am-3pm,,Yes,No,No
2020,Ridgewood Farmstand,Queens,Cypress Ave bet Myrtle & Putnam Aves,405,40.700123,-73.90621,Saturday,8:30am-3pm,,Yes,No,No
2020,Riverdale Y Sunday Farmers Market,Bronx,4545 Independence Ave. (Riverdale Temple Parking Lot),208,40.891762,-73.912208,Sunday,9am-2pm,,No,No,No
2020,Rockaway Youth Task Force Youth Market,Queens,310 Beach 58th St,414,40.594492,-73.788077,Saturday,9am - 3pm,,Yes,No,No
2020,Rockefeller Center Greenmarket,Manhattan,Rockefeller Plaza bet W 49th & 50th Sts (Jul-Aug only),105,40.759065,-73.97845,"Wednesday 
Thursday
Friday",8am - 5pm,,Yes,No,No
2020,Saratoga Farm Stand,Brooklyn,1965-1971 Fulton St,316,40.678562,-0.000079703981596,Saturday,9am-2pm,,Yes,No,No
2020,Savoy Park Down to Earth Farmers' Market,Manhattan,Lenox Ave bet W 141st & W 142nd Sts,110,40.8179,-73.93809,Saturday,9am- 4pm,,Yes,No,No
2020,Seeds in the Middle Fresh Food Box / Farmstand - Brownsville,Brooklyn,213 Osborn Street,316,40.667377,-73.908214,Friday,2pm-4:30pm,,Yes,No,No
2020,Seeds in the Middle Fresh Food Box / Farmstand - Flatbush,Brooklyn,240 Nostrand Avenue,303,40.691804,-73.951863,Thursday,1pm-7pm,,Yes,No,No
2020,Seeds in the Middle Fresh Food Box / Farmstand - Ocean Hill- Brownsville Farmstand,Brooklyn,2163 Dean Street,316,40.675024,-73.915778,Wednesday,12:30-3:30pm,,Yes,Yes,No
2020,Socrates Sculpture Garden,Queens,31-30 Vernon Boulevard,401,40.768504,-73.921724,Saturday,10am-2pm,,Yes,No,No
2020,South Williamsburg Greenmarket,Brooklyn,Taylor St & Lee Ave,301,40.706998,-73.961364,Thursday,8am - 4pm,,Yes,No,No
2020,St. Barnabas Hospital Farm Stand & C.S.A.,Bronx,4422 3rd Ave.,206,40.853237,-73.891742,Wednesday,10 a.m. - 5 p.m.,,Yes,No,No
2020,St. George Greenmarket,Staten Island,Hyatt St & St Marks Pl,501,40.641586,-74.0779,Saturday,"8am - 2pm
-1pm (winter)",,Yes,Yes,No
2020,Staten Island Ferry Whitehall Terminal Greenmarket,Manhattan,"4 South St, inside terminal",101,40.701687901075,-74.011631125861,"Tuesday
Friday",8am - 7pm,,Yes,Yes,No
2020,Staten Island Mall Greenmarket,Staten Island,Marsh Ave & Ring Rd,502,40.583804,-74.161245,Saturday,"9am - 2pm
-1pm (winter)",,Yes,Yes,No
2020,Stuyvesant Town Greenmarket,Manhattan,"E. 14th. St. Loop & Avenue A, in the Oval",103,40.730443,-73.980339,Sunday,9:30am - 4pm,,Yes,No,No
2020,Sunnyside Greenmarket,Queens,Skillman Ave bet 42nd & 43rd Sts,402,40.746999,-73.921724,Saturday,8am - 2pm,,Yes,Yes,No
2020,Teens for Food Justice Fresh Food Box & Farmstand at Brownsville Collaborative Middle School,Brooklyn,85 Watkins Street,306,40.670986,-73.908194,Tuesday,4-6pm,,No,Yes,No
2020,Teens for Food Justice Fresh Food Box & Farmstand at Dewitt Clinton Educational Campus,Bronx,100 West Mosholu Parkway South,207,40.882178,-73.88691,Thursday,4-6pm,,Yes,Yes,No
2020,The Laurelton Farmers Market,Queens,"241st and 144st Road, Laurelton NY",413,40.668918,-73.751335,Saturday-Sunday,10am-2pm,,Yes,No,No
2020,Tompkins Square Greenmarket,Manhattan,E. 7th St. & Avenue A,103,40.726054,-73.983534,Sunday,9am - 5pm,,Yes,Yes,No
2020,Tribeca Greenmarket,Manhattan,Greenwich & Chambers Sts,101,40.716303,-74.010966,"Wednesday 
Saturday",8am-3pm,,Yes,Yes,No
2020,Tucker Square Greenmarket,Manhattan,W 66th St & Broadway,107,40.773876,-73.982226,"Thursday 
Saturday",8am - 5pm,,Yes,Yes,No
2020,Union Square Greenmarket,Manhattan,E 17th St & Union Square W,105,40.737133,-73.990329,"Monday 
Wednesday
Friday
Saturday",8am - 6pm,,Yes,Yes,No
2020,Urban Oasis Farmers' Market,Brooklyn,681 Clarkson Ave.,309,40.656255,-73.936608,Wednesday,2pm-5:30pm,,Yes,No,No
2020,Van Cortlandt Park Alliance Amalgamated Housing Youth Farmstand,Bronx,Orloff Ave & Gale Pl,208,40.884532,-73.892172,Wednesday,1-6:30pm,,Yes,No,No
2020,"Whitney Young, Jr. Campus Go!Healthy Food Box",Bronx,1919 Prospect Ave.,206,40.843546,-73.889755,Thursday,12 - 2p.m.,,Yes,No,No
2020,Woodhull Hospital Farmstand,Brooklyn,Broadway & Flushing Ave,301,40.700726,-73.941932,Wednesday,9am-2pm,07/01/2020 12:00:00 AM,Yes,No,No
2020,Wyckoff House Museum Farm Stand,Brooklyn,5816 Clarendon Rd,317,40.64497,-73.920914,Saturday,11am-4pm,,No,No,No
2019,170 Farm Stand,Bronx,E 170th St & Townsend Ave,204,40.839882,-73.916783,Wednesday,2:30pm-6:30pm,,Yes,No,No
2019,175th Street Greenmarket,Manhattan,W 175th St bet Wadsworth Ave & Broadway,112,40.845948,-73.937811,Thursday,8am - 4pm,,Yes,No,Yes
2019,4th Ave Sunset Park Greenmarket,Brooklyn,4th Ave bet 59th & 60th Sts,307,40.641435,-74.017815,Saturday,8am - 3pm,,Yes,No,Yes
2019,57th Street Greenmarket,Manhattan,W 57th St & 10th Ave,104,40.769117,-73.988559,"Wednesday
Saturday",8am-5pm,,Yes,No,No
2019,6th Ave Sunset Park Greenmarket,Brooklyn,44th St & 6th Ave,307,40.647132,-74.004623,Saturday,8am-3pm,,Yes,Yes,No
2019,79th Street Greenmarket,Manhattan,Columbus Ave bet W 78th & 81st Sts,107,40.781274,-73.975995,Sunday,9am - 5pm,,Yes,Yes,No
2019,82nd Street Greenmarket,Manhattan,E 82nd St bet 1st & York Aves,108,40.774292,-73.951262,Saturday,9am - 2:30pm,,Yes,Yes,No
2019,92nd Street Greenmarket,Manhattan,E 92nd St & 1st Ave,108,40.780691,-73.946592,Sunday,9am-4pm,,Yes,No,No
2019,97th Street Greenmarket,Manhattan,W 97th St bet Columbus & Amsterdam Aves,107,40.793558,-73.967016,Friday,8am - 2pm,,Yes,Yes,No
2019,Abingdon Square Greenmarket,Manhattan,Hudson St & W 12th St,102,40.737553,-74.005687,Saturday,8am - 2pm,,Yes,Yes,No
2019,Bartel-Pritchard Square Greenmarket,Brooklyn,Prospect Park W & 15th St,306,40.661154,-73.980172,"Wednesday 
Sunday",W: 8am - 3pm; S: 9am-3pm,,Yes,Yes,No
2019,Bay Ridge Greenmarket,Brooklyn,95th St & 3rd Ave,310,40.617278,-74.033588,Saturday,8am - 3pm,,Yes,No,No
2019,Bensonhurst Greenmarket,Brooklyn,81st St & 18th Ave,311,40.609951,-73.999456,Sunday,9am - 4pm,,Yes,No,No
2019,Bissel Gardens Farmers Market,Bronx,Baychester Ave & E 241st St,212,40.90152,-73.846937,"Wednesday 
Saturday",9am-5pm,,No,No,No
2019,Borough Park Greenmarket,Brooklyn,14th Ave bet 49th & 50th Sts,312,40.633696,-73.989916,Thursday,8am - 3pm,,Yes,No,No
2019,Bowling Green Greenmarket,Manhattan,Broadway & Battery Pl,101,40.704549,-74.01429,"Tuesday
Thursday",8am - 5pm,,Yes,Yes,No
2019,Broadway Junction Youthmarket,Brooklyn,Fulton St and Van Sinderen Ave,305,40.682391,-73.876616,Friday,9am-6pm,,Yes,No,No
2019,Bronx Borough Hall Greenmarket,Bronx,Grand Concourse bet E 161st & 162nd Sts,204,40.826835,-73.922621,Tuesday,8am-4pm,,Yes,No,Yes
2019,Bronx Family Center Go!Healthy Farm Stand,Bronx,1515 Southern Blvd,203,40.833734,,Thursday,9:30am-3:30pm,,Yes,No,No
2019,BronxWorks Farm Stand,Bronx,1130 Grand Concourse,204,40.832331,-73.91959,Thursday,10am-4pm,,Yes,No,No
2019,Brooklyn Borough Hall Greenmarket,Brooklyn,Court & Montague Sts,302,40.693722,-73.990455,"Tuesday 
Thursday
Saturday",8am - 5pm,,Yes,Yes,No
2019,Brooklyn Grange Farm Stand at Long Island City,Queens,37-18 Northern Blvd (Roof),401,40.752096,-73.925887,Saturday,11am-4pm,,Yes,No,No
2019,Brownsville Health Action Center,Brooklyn,259 Bristol Street,316,40.6647,-73.911101,Tuesday & Thursday,10:30am-4:30pm,,Yes,No,No
2019,Brownsville Pitkin Youthmarket,Brooklyn,Pitkin Ave & Thomas Boyland St,316,40.669264,-73.913554,Saturday,9am-2pm,,Yes,No,No
2019,Brownsville/ENY - Health & Hospitals East New York,Brooklyn,2094 Pitkin Ave,305,40.6647,-73.911101,Monday & Wednesday,10:30am-4:30pm,,Yes,No,No
2019,Carroll Gardens Greenmarket,Brooklyn,Carroll St bet Smith & Court Sts,306,40.68106,-73.996528,Sunday,8am - 2pm,,Yes,Yes,No
2019,Chelsea's Down to Earth Farmers' Market,Manhattan,W 23rd St bet 8th & 9th Aves,104,40.745293,-73.998488,Saturday,9am-4pm,,Yes,No,No
2019,City Hall Greenmarket,Manhattan,Broadway & Chambers St,101,40.714165,-74.006309,"Tuesday
Friday",8am - 4pm,,Yes,Yes,No
2019,Columbia University Greenmarket,Manhattan,Broadway & W 114th St,109,40.806707,-73.964849,"Thursday
Sunday",8am-5pm,,Yes,Yes,No
2019,Corona Greenmarket,Queens,Roosevelt Ave & 104th St,404,40.749811,-73.861668,Friday,8am - 3pm,,Yes,No,Yes
2019,Cortelyou Greenmarket,Brooklyn,Cortelyou & Rugby Rds,314,40.640825,-73.965301,Sunday,8am - 3pm,,Yes,Yes,No
2019,CS211 Go!Healthy Farm Stand,Bronx,1919 Prospect Ave,206,40.843546,-73.889755,Wednesday,2:30pm-5:30pm,,Yes,No,No
2019,Cunningham Park's Down to Earth Farmers' Market,Queens,Union Tpk & 196 Pl,408,40.731082,-73.773997,Sunday,9am-2pm,,Yes,No,No
2019,Cypress Hills Youthmarket,Brooklyn,Fulton & Richmond Sts,305,40.682391,-73.876616,Friday,10am-5pm,,Yes,No,Yes
2019,Dag Hammarskjold Plaza Greenmarket,Manhattan,E 47th St & 2nd Ave,106,40.752999,-73.969887,Wednesday,8am-4pm,,Yes,Yes,No
2019,Ditmars Park Youthmarket,Queens,"Steinway St bet Ditmars Blvd & 23rd Ave., at Ditmars Park",401,40.772854,-73.906061,Saturday,8am-3pm,,Yes,No,No
2019,Downtown Far Rockaway Youthmarket,Queens,Beach 20th and Cornaga Ave,414,40.602273,-73.753355,Saturday,9am-1pm,,Yes,No,No
2019,East New York Farm Stand,Brooklyn,New Lots Ave bet Alabama & Georgia Aves,305,40.660828,-73.895395,Wednesday,1:30pm-6:30pm,,Yes,No,No
2019,East New York Farmers' Market,Brooklyn,Schenck Ave bet New Lots & Livonia Aves,305,40.665296,-73.886557,Saturday,9am-3pm,,Yes,No,Yes
2019,Edible Schoolyard NYC's Farm Stand at PS 216,Brooklyn,E 1st St & Avenue X,315,40.590649,-73.969298,Friday,1:45pm-2:45pm,,Yes,No,No
2019,Elmhurst Hospital Greenmarket,Queens,41st Ave bet 80th & 81st Sts,404,40.745794,-73.885489,Tuesday,8am - 4pm,,Yes,No,No
2019,Essex Crossing Farm Stand,Manhattan,115 Essex St,103,40.719322,-73.987817,"Wednesday
Saturday",10:30am-4:30pm,,Yes,No,No
2019,Far Rockaway Farmstand,Queens,385 Beach 45th St,431,40.595612,-73.776551,Saturday,10am-2pm,,Yes,No,No
2019,Flatbush Junction Youthmarket,Brooklyn,Nostrand & Flatbush Aves,314,40.632886,-73.947698,Saturday,8:30am-2pm,,Yes,No,No
2019,Flushing Greenmarket,Queens,"Kissena Blvd. & Maple Ave., at Maple Playground",407,40.756357,-73.825773,Wednesday,8am - 3pm,,Yes,No,Yes
2019,Fordham Plaza Greenmarket,Bronx,Park Ave bet E 189th St & E Fordham Rd,206,40.86153,-73.891063,Friday,8am-4pm,,Yes,No,Yes
2019,Forest Hills Greenmarket,Queens,70th Ave & Queens Blvd,406,40.72188,-73.846383,Sunday,8am - 2pm,,Yes,Yes,No
2019,Forest Park Youthmarket,Queens,Myrtle Ave & Park Lane South,409,40.700955,-73.841426,Saturday,10am-2pm,,Yes,No,No
2019,Fort Greene Park Greenmarket,Brooklyn,Washington Park bet Dekalb Ave & Willoughby St,302,40.691707,-73.973539,Saturday,8am-3pm,,Yes,Yes,No
2019,Fort Washington Greenmarket,Manhattan,W 168th St & Ft Washington Ave,112,40.842154,-73.942278,Tuesday,8am - 4pm,,Yes,No,No
2019,Fresh Vibes Mobile Market,Brooklyn,2010 Fulton Street,303,40.678635,-73.917536,,,,No,,No
2019,Fulton Stall Market,Manhattan,Pier 17 Square,101,40.705799,-74.002572,Sunday,11am-5pm,,No,No,No
2019,Goodhue Center Go!Healthy Food Stand,Staten Island,301 Prospect Ave,501,40.638983,-74.097422,Tuesday,4-6pm,,Yes,No,No
2019,Gouverneur Health Youthmarket,Manhattan,Madison St bet Clinton & Jefferson Sts,103,40.712905,-73.986928,Thursday,8:30am-2pm,,Yes,No,No
2019,Graham Avenue Farmers' Market,Brooklyn,Cook St & Graham Ave,301,40.702345,-73.942381,Saturday,8am-5pm,,Yes,No,Yes
2019,Grand Army Plaza Greenmarket,Brooklyn,"Flatbush Ave. & Prospect Park W., at Prospect Park’s NW Entrance",355,40.663812,-73.962866,Saturday,8am-4pm,,Yes,Yes,No
2019,Grass Roots Farmers' Market,Manhattan,"W 145th St bet Edgecombe & Bradhurst Aves, at Jackie Robinson Park",109,40.823647,-73.943844,"Tuesday
Saturday",9am-4pm,,Yes,No,No
2019,Greenmarket at Oculus Plaza,Manhattan,"Church & Fulton Sts., on Oculus Plaza",101,40.711535,-74.010464,Tuesday,7am-7pm,,Yes,Yes,No
2019,Hamilton Heights Green Youthmarket,Manhattan,"Amsterdam bet W 143rd & 144th Sts., at Johnny Hartman Plaza",109,40.82394,-73.948552,Wednesday,10:30am-5:30pm,,Yes,No,No
2019,Harvest Home 125th Street Market,Manhattan,W 125th St & Adam Clayton Powell Jr Blvd,110,40.808973,-73.948325,Tuesday,8am-6pm,,Yes,No,No
2019,Harvest Home Brower Park Farm Stand,Brooklyn,Brooklyn Ave & Prospect Pl,308,40.674007,-73.944544,Thursday,8am-4pm,,Yes,No,No
2019,Harvest Home Clinton Hill Farm Stand,Brooklyn,Lafayette & Waverly Aves.,302,40.688088,-73.966819,Tuesday,8am-4pm,,Yes,No,No
2019,Harvest Home Coney Island Hospital Farmers' Market,Brooklyn,Ocean Pkwy bet Avenue Z & Shore Pkwy,313,40.58667,-73.96615,"Wednesday 
Friday",8am-4pm,,Yes,No,No
2019,Harvest Home Co-op City Farm Stand,Bronx,Asch Loop & Aldrich St,210,40.870249,-73.830963,Wednesday,8am-4pm,,Yes,No,No
2019,Harvest Home East Harlem Farmers' Market,Manhattan,104th St & 3rd Ave,111,40.790253,-73.945635,Thursday,8am-4pm,,Yes,No,No
2019,Harvest Home Harlem Hospital Farmers' Market,Manhattan,Lenox Ave bet 135th & 137th Sts,110,40.814358,-73.940659,Friday,8am-7pm,,Yes,No,No
2019,Harvest Home Hunts Point Farm Stand,Bronx,E 163rd St & Hunts Point Ave,202,40.820986,-73.891613,Wednesday,8am-4pm,,Yes,No,No
2019,Harvest Home Jacobi Hospital Farmers' Market,Bronx,"1400 Pelham Pkwy S, at Eastchester Rd",211,40.857427,-73.847079,"Tuesday 
Friday",8am-4pm,,Yes,No,No
2019,Harvest Home Kings County Hospital Farmers' Market,Brooklyn,Clarkson Ave bet E 37th & 38th Sts,317,40.655828,-73.943355,Wednesday,8am-4pm,,Yes,No,No
2019,Harvest Home Lenox Ave Farm Stand,Manhattan,Lenox Ave bet W 117th & 118th Sts,110,40.802699,-73.949186,Saturday,8am-4pm,,Yes,No,No
2019,Harvest Home Metropolitan Farmers' Market,Manhattan,E 99th St & 3rd Ave,111,40.78712,-73.947923,Friday,8am-4pm,,Yes,No,No
2019,Harvest Home Mt. Eden Farmers' Market,Bronx,Mt Eden & Morris Aves,204,40.842924,-73.909558,"Tuesday
Thursday",8am-4pm,,Yes,No,No
2019,Harvest Home North Central Bronx Farmers' Market,Bronx,Mosholu Pkwy & Jerome Ave,207,40.879749,-73.884661,Wednesday,8am-4pm,,Yes,No,No
2019,Harvest Home St. Mary's Park Farm Stand,Bronx,E 149th St & Eagle Ave,201,40.813884,-73.911812,Thursday,8am-4pm,,Yes,No,No
2019,Hattie Carthan After Church Farmers' Market,Brooklyn,49 Van Buren St,303,40.690036,-73.943557,Sunday,1pm-6pm,,Yes,No,No
2019,Hattie Carthan Community Farmers' Market,Brooklyn,Marcy Ave & Clifton Pl,303,40.689511,-73.948039,Saturday,9am-3pm,,Yes,No,No
2019,HEALTH for Youths Farm Stand,Staten Island,Clyde Pl. bet. Prospect & Harvard Aves.,501,40.6399,-74.090293,Sunday,11:30am-2pm,,No,No,No
2019,High School for Public Service Youth Farm Farmers' Market,Brooklyn,600 Kingston Ave,309,40.658893,-73.942458,"Wednesday
Saturday",(W) 2:30pm-6:30pm; (S) 12pm-4pm,,Yes,No,No
2019,Hudson Yards Down to Earth Farmers' Market,Manhattan,W 34th St & Hudson Blvd East,104,40.755158,-74.000502,Thursday,8:30am-4pm,,Yes,No,No
2019,Inwood Park Greenmarket,Manhattan,Isham St bet Seaman Ave & Cooper St,112,40.869001,-73.920896,Saturday,8am - 3pm,,Yes,Yes,No
2019,Isabahlia Farm Stand,Brooklyn,514 Rockaway Ave,316,40.667554,-73.910207,Friday & Saturday,"(F) 9am - 4pm
(S) 9am-3pm",,Yes,No,No
2019,Isabahlia Farm Stand Winter Market,Brooklyn,"93 New Lots Ave., inside greenhouse",316,40.657984,-73.901764,Saturday,8am-1pm,,Yes,No,No
2019,Isabahlia Farmers' Market,Brooklyn,410 Livonia Ave,316,40.663532,-73.902236,Saturday,8am-3pm,,Yes,No,No
2019,Jackson Heights Greenmarket,Queens,34th Ave bet 79th & 80th Sts,403,40.753435,-73.887822,Sunday,8am - 2pm,,Yes,Yes,Yes
2019,Jamaica's Down to Earth Farmers' Market - Friday market,Queens,Parsons Blvd bet Jamaica & Archer Aves,412,40.703342,-73.799921,Friday,8:30am-4pm,,Yes,No,No
2019,Jamaica's Down to Earth Farmers' Market- Saturday market,Queens,160th St & Jamaica Ave,412,40.703752,-73.799149,Saturday,8:30am-4pm,,Yes,No,No
2019,Joseph Addabbo FHC Farm Stand,Queens,6200 Beach Channel Dr,414,40.593313,-73.79166,Saturday,8am-2pm,,No,No,No
2019,Kensington Youthmarket,Brooklyn,McDonald Ave & Albemarle Rd,312,40.64511,-73.979882,Saturday,8am-3pm,,Yes,No,No
2019,Kingsbridge-Riverdale Farmers' Market,Bronx,260 W 231st St,208,40.880038,-73.907005,Sunday,9am-5pm,,Yes,No,No
2019,Kips Bay Greenmarket,Manhattan,2nd Ave bet 27th & 28th Sts,106,40.740395,-73.979077,Thursday,8am-5pm,,Yes,No,No
2019,La Familia Verde Farmers' Market,Bronx,E Tremont Ave bet LaFontaine & Arthur Aves,206,40.846487,-73.894337,Tuesday,8am-3pm,,Yes,No,Yes
2019,"Learn It, Grow It, Eat It Youthmarket",Bronx,"E 169th St & Boston Rd, at McKinley Square",203,40.831117,-73.90071,Wednesday,10am-3pm,,Yes,No,No
2019,Lincoln Hospital Greenmarket,Bronx,E 149th St bet Park & Morris Aves,201,40.818013,-73.925185,"Tuesday 
Friday",8am - 3pm,,Yes,Yes,No
2019,Long Island City Youthmarket,Queens,Center Blvd & 46th Rd,402,40.746916,-73.956367,Saturday,9am-2pm,,Yes,No,No
2019,Lower East Side Youthmarket,Manhattan,Grand Ave bet Pitt & Willet Sts,103,40.714932,-73.983338,Thursday,8am-3pm,,Yes,No,No
2019,Marcus Garvey Apartments Farm Stand,Brooklyn,300 Chester St,316,40.664477,-73.910384,Saturday,10:30am-4:30pm,,Yes,No,No
2019,McCarren Park Greenmarket,Brooklyn,Union Ave bet Driggs and N 12th Sts,301,40.719219,-73.952479,Saturday,8am - 2pm,,Yes,Yes,No
2019,McGolrick Park's Down to Earth Farmers' Market,Brooklyn,"Russell St & Nassau Ave., center of park",301,40.725617,-73.944497,Sunday,10am-4pm,,Yes,No,No
2019,Milbank Center Go!Healthy Farm Stand,Manhattan,18-32 W 118th St,,40.802317,-73.946351,Wednesday,3:30-6pm,,Yes,No,No
2019,Morning Glory Market at the New York Botanical Gardens,Bronx,2900 Southern Blvd.,227,40.865684,-73.883312,Wednesday,9am-3pm,,Yes,No,No
2019,Morningside Park's Down to Earth Farmers' Market,Manhattan,W 110th St & Manhattan Ave,107,40.801155,-73.959647,Saturday,9am-4pm (winter closes at 3pm),,Yes,Yes,No
2019,Mott Haven Farmers Market,Bronx,545 E 142nd St,201,40.809973,-73.916434,Monday,9am-3pm,,Yes,No,No
2019,Mount Sinai Hospital Greenmarket,Manhattan,E 99th St bet Madison & Park Aves,111,40.789169,-73.952743,Wednesday,8am-5pm,,Yes,No,No
2019,New Roots Community Farmers Market,Bronx,670 Grand Concourse (153rd & Grand Concourse),204,40.821403,-73.925528,Tuesday,3pm-7pm,,No,No,No
2019,Norwood Youthmarket,Bronx,E Gun Hill Rd & Dekalb Ave,207,40.88222,-73.880458,Thursday,10am-5pm,,Yes,Yes,No
2019,Park Slope's Down to Earth Farmers' Market,Brooklyn,4th St & 5th Ave,306,40.672194,-73.983785,Sunday,10am-5pm (winter closes at 4pm),,Yes,Yes,No
2019,Parkchester Greenmarket,Bronx,Westchester Ave & White Plains Rd,209,40.833992,-73.862148,Friday,8am - 4pm,,Yes,No,Yes
2019,Poe Park Greenmarket,Bronx,E 192 St & Grand Concourse,207,40.864216,-73.895795,Tuesday,8am - 3pm,,Yes,No,Yes
2019,Pomonok Community-Run Farmers' Market,Queens,67-09 Kissena Blvd,408,40.735025042121,-73.814724905079,Wednesday,9am-4pm,,Yes,No,No
2019,Project EATS Rockaway Farmstand,Brooklyn,666 Rockaway Ave,316,40.663526,-73.909163,Friday,10:30am-4:30pm,,Yes,No,No
2019,Project Harmony People's Market,Manhattan,"219 W. 122nd St., at Joseph Daniel Wilson Memorial Garden",110,40.807407,-73.950588,Thursday,10am-7pm,,Yes,No,No
2019,PS 11 Farm Market,Manhattan,W 21st St bet 8th & 9th Aves,104,40.744006,-73.999415,Wednesday,8am-10am,,No,No,No
2019,PS 57 Youthmarket,Manhattan,E 115th St & 3rd Ave,111,40.797261,-73.940519,Wednesday,9am-4pm,,Yes,No,No
2019,Queens Botanical Garden's Down to Earth Farmers' Market,Queens,82 Dahlia Ave,407,40.75186,-73.826362,Friday,8:30am-4pm,,Yes,No,No
2019,Queens County Farm Museum Farm Stand,Queens,73-50 Little Neck Pkwy,413,40.748163,-73.719431,"Wednesday, Thursday, Friday; Saturday and Sunday",11am-3pm; 11am-5pm,,Yes,No,No
2019,Queens County Farm Museum Farm Stand at Jamaica Hospital,Queens,"Jamaica Ave & Van Wyck Expwy, South Service Rd",409,40.702445,-73.816861,Thursday,10am-4pm,,Yes,No,No
2019,RB Bushwick Farmers' Market at Maria Hernandez Park,Brooklyn,Knickerbocker Ave & Starr St,304,40.702811,-73.92539,Saturday,9am-4pm,,Yes,No,Yes
2019,RB Pop Up Farm Stand,Brooklyn,215 Cooper St,304,40.689879,-73.905298,Thursday,12pm-5pm,,Yes,No,No
2019,RB Rheingold Archway Farmers' Market,Brooklyn,553 Bushwick Ave,304,40.699408,-73.935672,Sunday,10am-4pm,,Yes,No,No
2019,Red Hook Farm Stand,Brooklyn,560 Columbia St,306,40.672524,-74.00871,Saturday,10am-3pm,,Yes,No,No
2019,Red Hook Farm Stand II,Brooklyn,West 9th St & Hamilton Avenue,306,40.676024,-74.002318,Wednesday,12pm-7pm,,Yes,No,No
2019,Ridgewood Youthmarket,Queens,Cypress Ave bet Myrtle & Putnam Aves,405,40.700123,-73.90621,Saturday,8am-3pm,,Yes,No,No
2019,Riverdale Y Sunday Farmers Market,Bronx,"Independence Ave bet W 236th & 237th Sts, at MS/HS 141",208,40.8871,-73.913306,Sunday,9am-2pm,,No,No,No
2019,Rockaway Youth Task Force Youth Market,Queens,310 Beach 58th St,414,40.594492,-73.788077,Saturday,9am - 3pm,,Yes,No,No
2019,Rockefeller Center Greenmarket,Manhattan,Rockefeller Plaza bet W 49th & 50th Sts (Jul-Aug only),105,40.759065,-73.97845,"Wednesday 
Thursday
Friday",8am - 5pm,,Yes,No,No
2019,Saratoga Farm Stand,Brooklyn,2046-2050 Fulton St,316,40.678543,-73.915816,Saturday,9am-2pm,,Yes,No,No
2019,Socrates Sculpture Garden,Queens,31-30 Vernon Boulevard,401,40.768504,-73.935847,Saturday,11am - 3pm,,Yes,No,No
2019,South Bronx Farmers Market,Bronx,E 138th St bet Willis & Alexander Aves,201,40.809107,-73.922887,Saturday,10am-4pm,,Yes,No,Yes
2019,South Williamsburg Greenmarket,Brooklyn,Taylor St & Lee Ave,301,40.706998,-73.961364,Thursday,8am - 4pm,,Yes,No,No
2019,St. Barnabas Hospital Farm Stand,Bronx,4422 3rd Ave,206,40.853237,-73.891742,Wednesday,10:30am-4:30pm,,Yes,No,No
2019,St. George Greenmarket,Staten Island,Hyatt St & St Marks Pl,501,40.641586,-74.0779,Saturday,9am - 1pm,,Yes,Yes,No
2019,Staten Island Ferry Whitehall Terminal Greenmarket,Manhattan,"4 South St, inside terminal",101,40.701687901075,-74.011631125861,"Tuesday
Friday",8am - 7pm,,Yes,Yes,No
2019,Staten Island Mall Greenmarket,Staten Island,Marsh Ave & Ring Rd,502,40.583804,-74.161245,Saturday,8am - 3pm,,Yes,Yes,No
2019,Stuyvesant Town Greenmarket,Manhattan,"E. 14th. St. Loop & Avenue A, in the Oval",103,40.730443,-73.980339,Sunday,9:30am - 4pm,,Yes,No,No
2019,Sunnyside Greenmarket,Queens,Skillman Ave bet 42nd & 43rd Sts,402,40.746999,-73.921724,Saturday,8am - 2pm,,Yes,Yes,No
2019,Tompkins Square Greenmarket,Manhattan,E. 7th St. & Avenue A,103,40.726054,-73.983534,Sunday,9am - 6pm,,Yes,Yes,No
2019,Tribeca Greenmarket,Manhattan,Greenwich & Chambers Sts,101,40.716303,-74.010966,"Wednesday 
Saturday",8am-3pm,,Yes,Yes,No
2019,Tucker Square Greenmarket,Manhattan,W 66th St & Broadway,107,40.773876,-73.982226,"Thursday 
Saturday",8am - 5pm,,Yes,Yes,No
2019,Union Square Greenmarket,Manhattan,E 17th St & Union Square W,105,40.737133,-73.990329,"Monday 
Wednesday
Friday
Saturday",8am - 6pm,,Yes,Yes,No
2019,Urban Oasis Farmers' Market,Brooklyn,681 Clarkson Ave.,309,40.656255,-73.936608,Wednesday,2pm-5:30pm,,No,No,No
2019,Van Cortlandt Park Alliance Amalgamated Housing Youth Farmstand,Bronx,Orloff Ave & Gale Pl,208,40.884532,-73.892172,Wednesday,2pm-7pm,,Yes,No,No
2019,Woodhull Hospital Youthmarket,Brooklyn,Broadway & Flushing Ave,301,40.700726,-73.941932,Wednesday,9am-2pm,,Yes,No,No
2019,Wyckoff House Museum Farm Stand,Brooklyn,5816 Clarendon Rd,317,40.64497,-73.920914,Saturday,11am-3pm,,No,No,No
2018,164th St Farmers Market at NYC Health + Hospitals/Queens,Queens,82-68 164th St.,408,40.71725,-73.803433,Thursday,8am-4pm,,No,No,No
2018,170 Farm Stand,Bronx,E 170th St & Townsend Ave,216,40.839882,-73.916783,Wednesday,2:30pm-6:30pm,,Yes,No,No
2018,175th Street Greenmarket,Manhattan,W 175th St bet Wadsworth Ave & Broadway,112,40.845948,-73.937811,Thursday,8am - 5pm,,Yes,No,Yes
2018,4th Ave Sunset Park Greenmarket,Brooklyn,4th Ave bet 59th & 60th Sts,307,40.641435,-74.017815,Saturday,8am - 3pm,,Yes,No,Yes
2018,57th Street Greenmarket,Manhattan,W 57th St & 10th Ave,104,40.769117,-73.988559,"Wednesday
Saturday",8am-5pm,,Yes,No,No
2018,6th Ave Sunset Park Greenmarket,Brooklyn,44th St & 6th Ave,307,40.647132,-74.004623,Saturday,8am-3pm,,Yes,No,No
2018,79th Street Greenmarket,Manhattan,Columbus Ave bet W 78th & 81st Sts,107,40.781274,-73.975995,Sunday,9am - 5pm,,Yes,Yes,No
2018,82nd Street Greenmarket,Manhattan,E 82nd St bet 1st & York Aves,108,40.774292,-73.951262,Saturday,9am - 2:30pm,,Yes,Yes,No
2018,92nd Street Greenmarket,Manhattan,E 92nd St & 1st Ave,108,40.780691,-73.946592,Sunday,9am-4pm,,Yes,No,No
2018,97th Street Greenmarket,Manhattan,W 97th St bet Columbus & Amsterdam Aves,107,40.793558,-73.967016,Friday,8am - 2pm,,Yes,Yes,Yes
2018,Abingdon Square Greenmarket,Manhattan,Hudson St & W 12th St,102,40.737553,-74.005687,Saturday,8am - 2pm,,Yes,Yes,No
2018,Astoria Greenmarket,Queens,14th St bet 31st Ave & 31st Rd,401,40.767715,-73.932462,Wednesday,8am - 3pm,,Yes,No,No
2018,Bartel-Pritchard Square Greenmarket,Brooklyn,Prospect Park W & 15th St,306,40.661154,-73.980172,"Wednesday
Sunday",8am - 3pm,,Yes,Yes,No
2018,Bay Ridge Greenmarket,Brooklyn,95th St & 3rd Ave,310,40.617278,-74.033588,Saturday,8am - 3pm,,Yes,No,No
2018,Bensonhurst Greenmarket,Brooklyn,81st St & 18th Ave,311,40.609951,-73.999456,Sunday,9am - 4pm,,Yes,No,Yes
2018,Bissel Gardens Farmers' Market,Bronx,Baychester Ave & E 241st St,212,40.90152,-73.846937,"Wednesday
Saturday",9am-5pm,,No,No,No
2018,Borough Park Greenmarket,Brooklyn,14th Ave bet 49th & 50th Sts,312,40.633696,-73.989916,Thursday,8am - 3pm,,Yes,No,No
2018,Bowling Green Greenmarket,Manhattan,Broadway & Battery Pl,101,40.704549,-74.01429,"Tuesday
Thursday",8am - 5pm,,Yes,Yes,No
2018,Bronx Borough Hall Greenmarket,Bronx,Grand Concourse bet E 161st & 162nd Sts,204,40.826835,-73.922621,Tuesday,8am-4pm,,Yes,No,Yes
2018,BronxWorks Farm Stand,Bronx,1130 Grand Concourse,204,40.832331,-73.91959,Thursday,2pm-6pm,,No,No,No
2018,Brooklyn Borough Hall Greenmarket,Brooklyn,Court & Montague Sts,302,40.693722,-73.990455,"Tuesday
Thursday
Saturday",8am - 5pm,,Yes,Yes,No
2018,Brooklyn Museum Farm Stand,Brooklyn,200 Eastern Pkwy,305,40.671835,-73.963042,Thursday,1pm-6pm,,Yes,No,No
2018,Brownsville Pitkin Avenue Youthmarket,Brooklyn,Pitkin Ave & Thomas Boyland St,316,40.669264,-73.913554,Saturday,9am-2pm,,Yes,No,No
2018,Carroll Gardens Greenmarket,Brooklyn,Carroll St bet Smith & Court Sts,306,40.68106,-73.996528,Sunday,8am - 2pm,,Yes,Yes,No
2018,Chelsea's Down to Earth Farmers' Market,Manhattan,W 23rd St bet 8th & 9th Aves,104,40.745293,-73.998488,Saturday,9am-4pm,,Yes,No,No
2018,Chenchita's Community Garden & Pa lante Garden,Manhattan,E 110th St & Madison Ave,111,40.79745,-73.946702,Saturday,9am-2pm,,Yes,No,No
2018,City Hall Greenmarket,Manhattan,Broadway & Chambers St,101,40.714165,-74.006309,"Tuesday
Friday",8am - 4pm,,Yes,Yes,No
2018,Columbia University Greenmarket,Manhattan,Broadway & W 114th St,109,40.806707,-73.964849,"Thursday
Sunday",8am-5pm,,Yes,Yes,No
2018,Corona Greenmarket,Queens,Roosevelt Ave & 104th St,404,40.749811,-73.861668,Friday,8am - 3pm,,Yes,No,Yes
2018,Cortelyou Greenmarket,Brooklyn,Cortelyou & Rugby Rds,314,40.640825,-73.965301,Sunday,8am - 3pm (2pm in winter),,Yes,Yes,No
2018,Cunningham Park's Down to Earth Farmers' Market,Queens,Union Tpk & 196 Pl,408,40.731082,-73.773997,Sunday,9am-2pm,,Yes,No,No
2018,Cypress Hills Youthmarket,Brooklyn,Fulton & Richmond Sts,305,40.682391,-73.876616,Friday,10am-5pm,,Yes,No,Yes
2018,Dag Hammarskjold Plaza Greenmarket,Manhattan,E 47th St & 2nd Ave,106,40.752999,-73.969887,Wednesday,8am-4pm,,Yes,Yes,No
2018,Ditmars Park Youthmarket,Queens,"Steinway St bet Ditmars Blvd & 23rd Ave., at Ditmars Park",401,40.772854,-73.906061,Saturday,9am-3pm,,Yes,No,No
2018,East New York Farm Stand,Brooklyn,New Lots Ave bet Alabama & Georgia Aves,305,40.660773,-73.8955,Wednesday,3:30pm-6:30pm,,Yes,No,No
2018,East New York Farmers' Market,Brooklyn,Schenck Ave bet New Lots & Livonia Aves,305,40.66478,-73.886413,Saturday,9am-3pm,,Yes,No,Yes
2018,Edible Schoolyard NYC's Farm Stand at PS 216,Brooklyn,E 1st St & Avenue X,315,40.590649,-73.969298,Friday,1:45pm-2:45pm,,Yes,No,No
2018,Elmhurst Hospital Greenmarket,Queens,41st Ave bet 80th & 81st Sts,404,40.745794,-73.885489,Tuesday,8am - 4pm,,Yes,No,No
2018,Far Rockaway Farmstand,Queens,385 Beach 45th St,431,40.595612,-73.776551,Saturday,10am-2pm,,No,No,No
2018,Flatbush Junction Youthmarket,Brooklyn,Nostrand & Flatbush Aves,314,40.632886,-73.947698,Saturday,8:30am-2pm,,Yes,No,No
2018,Flushing Greenmarket,Queens,"Kissena Blvd. & Maple Ave., at Maple Playground",407,40.756357,-73.825773,Wednesday,8am - 4pm,,Yes,No,Yes
2018,Fordham Plaza Greenmarket,Bronx,Park Ave bet E 189th St & E Fordham Rd,206,40.86153,-73.891063,Friday,8am-4pm,,Yes,No,Yes
2018,Forest Hills Greenmarket,Queens,70th Ave & Queens Blvd,406,40.72188,-73.846383,Sunday,8am - 2pm,,Yes,Yes,No
2018,Forest Park Youthmarket,Queens,Myrtle Ave & Park Lane South,409,40.700955,-73.841426,Saturday,10am-4pm,,Yes,No,No
2018,Fort Greene Park Greenmarket,Brooklyn,Washington Park bet Dekalb Ave & Willoughby St,302,40.691707,-73.973539,Saturday,8am-3pm,,Yes,Yes,No
2018,Fort Washington Greenmarket,Manhattan,W 168th St & Ft Washington Ave,112,40.842154,-73.942278,Tuesday,8am - 4pm,,Yes,No,No
2018,Frederick Douglass House Farm Stand,Manhattan,W 101st St & Columbus Ave,107,40.795457,-73.965628,Saturday,9am-3pm,,Yes,No,No
2018,Friends of Van Cortlandt Park Amalgamated Housing Youth Farmstand,Bronx,Orloff Ave & Gale Pl,208,40.884532,-73.892172,Wednesday,2pm-7pm,,Yes,No,No
2018,Gouverneur Health Youthmarket,Manhattan,Madison St bet Clinton & Jefferson Sts,103,40.712905,-73.986928,Thursday,8:30am-2pm,,Yes,No,No
2018,Graham Avenue Farmers' Market,Brooklyn,Cook St & Graham Ave,301,40.702345,-73.942381,Saturday,8am-5pm,,Yes,No,Yes
2018,Grand Army Plaza Greenmarket,Brooklyn,"Flatbush Ave. & Prospect Park W., at Prospect Park’s NW Entrance",355,40.663812,-73.962866,Saturday,8am-4pm,,Yes,Yes,No
2018,Grass Roots Farmers' Market,Manhattan,"W 145th St bet Edgecombe & Bradhurst Aves, at Jackie Robinson Park",110,40.82326,-73.943844,"Tuesday
Saturday",9am-4pm,,Yes,No,Yes
2018,Greenmarket at Oculus Plaza,Manhattan,"Church & Fulton Sts., on Oculus Plaza",101,40.711535,-74.010464,Tuesday,7am-7pm,,Yes,No,No
2018,Guy R Brewer Boulevard Farmers Market at NYC Health + Hospitals/Queens,Queens,114-02 Guy R Brewer Blvd,412,40.688615,-73.785593,Thursday,8am-4pm,,No,No,No
2018,Hamilton Heights Green Youthmarket,Manhattan,"Amsterdam bet W 143rd & 144th Sts., at Johnny Hartman Plaza",109,40.82394,-73.948552,Wednesday,10:30am-5pm,,No,No,No
2018,Harvest Home 125th Street Market,Manhattan,W 125th St & Adam Clayton Powell Jr Blvd,110,40.808973,-73.948325,Tuesday,8am-6pm,,Yes,No,No
2018,Harvest Home Brower Park Farm Stand,Brooklyn,Brooklyn Ave & Prospect Pl,308,40.674007,-73.944544,Thursday,8am-4pm,,Yes,No,No
2018,Harvest Home Clinton Hill Farm Stand,Brooklyn,Lafayette & Waverly Aves.,302,40.688088,-73.966819,Tuesday,8am-4pm,,Yes,No,No
2018,Harvest Home Coney Island Hospital Farmers' Market,Brooklyn,Ocean Pkwy bet Avenue Z & Shore Pkwy,313,40.58667,-73.96615,Wednesday Friday,8am-4pm,,Yes,No,No
2018,Harvest Home Co-op City Farm Stand,Bronx,Asch Loop & Aldrich St,210,40.870249,-73.830963,Wednesday,8am-4pm,,Yes,No,No
2018,Harvest Home East Harlem Farmers' Market,Manhattan,104th St & 3rd Ave,111,40.790253,-73.945635,Thursday,8am-4pm,,Yes,No,No
2018,Harvest Home East River Farm Stand,Manhattan,1st Ave bet 108th & 109th Sts,111,40.790906,-73.93913,Saturday,8am-4pm,,Yes,No,No
2018,Harvest Home Harlem Hospital Farmers' Market,Manhattan,Lenox Ave bet 135th & 137th Sts,110,40.814358,-73.940659,Friday,8am-5pm,,Yes,Yes,No
2018,Harvest Home Hunts Point Farm Stand,Bronx,E 163rd St & Hunts Point Ave,202,40.820986,-73.891613,Wednesday,8am-4pm,,Yes,No,No
2018,Harvest Home Jacobi Hospital Farmers' Market,Bronx,"1400 Pelham Pkwy S, at Eastchester Rd",211,40.857427,-73.847079,"Tuesday
Friday",8am-4pm,,Yes,No,No
2018,Harvest Home Kings County Hospital Farmers' Market,Brooklyn,Clarkson Ave bet E 37th & 38th Sts,317,40.655828,-73.943355,Wednesday,8am-4pm,,Yes,No,No
2018,Harvest Home Lenox Ave Farm Stand,Manhattan,Lenox Ave bet W 117th & 118th Sts,110,40.802699,-73.949186,Saturday,8am-4pm,,Yes,No,No
2018,Harvest Home Metropolitan Farmers' Market,Manhattan,E 99th St & 3rd Ave,111,40.78712,-73.947923,Friday,8am-4pm,,Yes,No,No
2018,Harvest Home Mt. Eden Farmers' Market,Bronx,Mt Eden & Morris Aves,204,40.842924,-73.909558,Tuesday and Thursday,8am-4pm,,Yes,No,No
2018,Harvest Home North Central Bronx Farmers' Market,Bronx,Mosholu Pkwy & Jerome Ave,207,40.879749,-73.884661,Wednesday,8am-4pm,,Yes,No,No
2018,Harvest Home St. Mary's Park Farm Stand,Bronx,E 149th St & Eagle Ave,201,40.813884,-73.911812,Thursday,8am-4pm,,Yes,No,No
2018,Harvest Home West Harlem Farmers' Market,Manhattan,W 139th St & Broadway,109,40.822644,-73.953218,Tuesday,8am-4pm,,Yes,No,No
2018,Hattie Carthan After Church Farmers' Market,Brooklyn,49 Van Buren St,303,40.69040335,-73.94676914,Sunday,1pm-6pm,,Yes,No,No
2018,Hattie Carthan Community Farmers' Market,Brooklyn,Marcy Ave & Clifton Pl,303,40.689511,-73.948039,Saturday,9am-3pm,,Yes,No,No
2018,HEALTH for Youths Farm Stand,Staten Island,Clyde Pl. bet. Prospect & Harvard Aves.,501,40.6399,-74.090293,Sunday,11:30am-2pm,,No,No,No
2018,High School for Public Service Youth Farm Farmers' Market,Brooklyn,600 Kingston Ave,309,40.658885742703,-73.942458501069,Wednesday,2:30pm-6:30pm,,Yes,No,No
2018,Hudson Yards Down to Earth Farmers' Market,Manhattan,W 34th St & Hudson Blvd East,104,40.755158,-74.000502,Thursday,10am-6pm,,Yes,No,No
2018,Inwood Park Greenmarket,Manhattan,Isham St bet Seaman Ave & Cooper St,112,40.869001,-73.920896,Saturday,8am - 3pm,,Yes,Yes,No
2018,Irving Square Park Youthmarket,Brooklyn,Wilson Ave & Halsey St,304,40.691504,-73.909551,Friday,12pm-6:30pm,,Yes,No,No
2018,Isabahlia Farm Stand,Brooklyn,514 Rockaway Ave,316,40.667156,-73.910092,Friday,11am-4pm,,Yes,No,No
2018,Isabahlia Farm Stand Winter Market,Brooklyn,"93 New Lots Ave., inside greenhouse",316,40.657921,-73.901887,Saturday,8am-1pm,,Yes,No,No
2018,Isabahlia Farmers' Market,Brooklyn,410 Livonia Ave,316,40.663518,,Saturday,8am-3pm,,Yes,No,No
2018,Jackson Heights Greenmarket,Queens,34th Ave bet 79th & 80th Sts,403,40.753435,-73.887822,Sunday,8am - 2pm,,Yes,Yes,Yes
2018,Jamaica Hospital Farmers' Market,Queens,"Jamaica Ave & Van Wyck Expwy, South Service Rd",409,40.702445,-73.816861,Wednesday,10am-4pm,,Yes,No,No
2018,Jamaica's Down to Earth Farmers' Market - Friday market,Queens,Parsons Blvd bet Jamaica & Archer Aves,412,40.703342,-73.799921,Friday,8am-4pm,,Yes,No,Yes
2018,Jamaica's Down to Earth Farmers' Market- Saturday market,Queens,160th St & Jamaica Ave,412,40.703752,-73.799149,Saturday,8am-4pm,,Yes,No,No
2018,Joseph Addabbo FHC Farm Stand,Queens,6200 Beach Channel Dr,414,40.593313,-73.79166,Saturday,8am-2pm,,No,No,No
2018,Kensington Youthmarket,Brooklyn,Ft Hamilton Pkwy bet E 4th & 5th Sts,307,40.648813,-73.977488,Saturday,8am-3pm,,Yes,No,No
2018,Kingsbridge-Riverdale Farmers' Market,Bronx,260 W 231st St,208,40.880038,-73.907005,Sunday,9am-5pm; 9am-4pm after 11/4/18,,No,No,No
2018,La Familia Verde Farmers' Market,Bronx,E Tremont Ave bet LaFontaine & Arthur Aves,206,40.846487,-73.894337,Tuesday,8am-3pm,,Yes,No,Yes
2018,"Learn It, Grow It, Eat It Youthmarket",Bronx,"E 169th St & Boston Rd, at McKinley Square",203,40.83111025,-73.90070928,Wednesday,10am-3pm,,Yes,No,No
2018,Lincoln Hospital Greenmarket,Bronx,E 149th St bet Park & Morris Aves,201,40.818013,-73.925185,"Tuesday
Friday",8am - 3pm,,Yes,No,No
2018,Long Island City Youthmarket,Queens,Center Blvd & 46th Rd,402,40.746916,-73.956367,Saturday,8am-2pm,,Yes,No,No
2018,Lower East Side Youthmarket,Manhattan,Grand Ave bet Pitt & Willet Sts,103,40.714932,-73.983338,Thursday,8am-3pm,,Yes,No,No
2018,Marcus Garvey Apartments Farm Stand,Brooklyn,300 Chester St,316,40.664469986978,-73.910384145204,Tuesday Saturday,11am-5pm,,Yes,No,No
2018,McCarren Park Greenmarket,Brooklyn,Union Ave bet Driggs and N 12th Sts,301,40.719219,-73.952479,Saturday,8am - 3pm,,Yes,Yes,No
2018,McGolrick Park's Down to Earth Farmers' Market,Brooklyn,"Russell St & Nassau Ave., center of park",301,40.725617,-73.944497,Sunday,10am-4pm (winter closes at 3pm),,Yes,Yes,No
2018,Morning Glory Market at the New York Botanical Gardens,Bronx,2900 Southern Blvd.,227,40.865684,-73.883312,Wednesday,9am-3pm,,Yes,No,No
2018,Morningside Park's Down to Earth Farmers' Market,Manhattan,W 110th St & Manhattan Ave,107,40.801155,-73.959647,Saturday,9am-4pm (winter closes at 3pm),,Yes,Yes,No
2018,Mount Sinai Hospital Greenmarket,Manhattan,E 99th St bet Madison & Park Aves,111,40.789169,-73.952743,Wednesday,8am-5pm,,Yes,No,No
2018,New Roots Community Farmers Market,Bronx,670 Grand Concourse,204,40.821403,-73.925528,Tuesday,2pm-7pm,,No,No,No
2018,Norwood Youthmarket,Bronx,E Gun Hill Rd & Dekalb Ave,207,40.88222,-73.880458,Thursday,12pm-7pm,,Yes,No,No
2018,NYC Health + Hospital East New York Farmacy,Brooklyn,2094 Pitkin Ave,305,40.671977,,"Monday
Wednesday",11am-4pm,,Yes,No,No
2018,Park Slope's Down to Earth Farmers' Market,Brooklyn,4th St & 5th Ave,406,40.672194,-73.983785,Sunday,10am-5pm (winter closes at 4),,Yes,Yes,No
2018,Parkchester Greenmarket,Bronx,Westchester Ave & White Plains Rd,209,40.8329,,Friday,8am - 4pm,,Yes,No,Yes
2018,Pitkin Verde Farmers' Market,Brooklyn,2094 Pitkin Ave,305,40.67196961,-73.8952477,Tuesday,9am-5:30pm,,Yes,No,No
2018,Poe Park Greenmarket,Bronx,E 192 St & Grand Concourse,207,40.864216,-73.895795,Tuesday,8am - 3pm,,Yes,No,Yes
2018,Pomonok Community-Run Farmers' Market,Queens,67-09 Kissena Blvd,408,40.73502504,-73.81472491,Wednesday,9am-5pm,,Yes,No,No
2018,Project EATS Farmacy at the Brownsville Neighborhood Health Action Center,Brooklyn,259 Bristol St,316,40.664827,-73.911415,"Tuesday
Thursday",11am-4pm,,Yes,No,No
2018,Project EATS Rockaway Farmstand,Brooklyn,666 Rockaway Ave,316,40.663526,-73.909163,Friday,11am-4pm,,Yes,No,No
2018,Project Harmony People's Market,Manhattan,"219 W. 122nd St., at Joseph Daniel Wilson Memorial Garden",110,40.807407,-73.950588,Thursday,10am-7pm,,Yes,No,Yes
2018,PS 11 Farm Market,Manhattan,W 21st St bet 8th & 9th Aves,104,40.744006,-73.999415,Wednesday,8am-10am,,No,No,No
2018,PS 57 Youthmarket,Manhattan,E 115th St & 3rd Ave,111,40.797261,-73.940519,Wednesday,9am-4pm,,Yes,No,No
2018,PS 7 Farm Stand,Manhattan,"Lexington Ave & E 119th St, in schoolyard",111,40.80099986,-73.9393481,Wednesday,2:15pm-4pm,,Yes,No,No
2018,Queens Botanical Garden's Down to Earth Farmers' Market,Queens,82 Dahlia Ave,407,40.75186,-73.826362,Friday,8:30am-4pm,,Yes,No,No
2018,Queens County Farm Museum Farmstand,Queens,73-50 Little Neck Pkwy,413,40.748163,-73.719431,"Wednesday, Thursday, Friday; Saturday and Sunday",11am-3pm; 11am-5pm,,Yes,No,No
2018,RB Bushwick Farmers' Market at Maria Hernandez Park,Brooklyn,Knickerbocker Ave & Starr St,304,40.702811,-73.92539,Saturday,9am-3pm,,Yes,No,Yes
2018,RB Rheingold Archway Farmers' Market,Brooklyn,553 Bushwick Ave,304,40.699408,-73.935672,Sunday,10am-4pm,,Yes,No,Yes
2018,Red Hook Farm Stand,Brooklyn,560 Columbia St,306,40.672524,-74.00871,Saturday,10am-3pm,,Yes,No,No
2018,Red Hook Farm Stand II,Brooklyn,West 9th St & Hamilton Avenue,306,40.676024,-74.002318,Wednesday,4pm-8pm,,Yes,No,Yes
2018,Ridgewood Youthmarket,Queens,Cypress Ave bet Myrtle & Putnam Aves,405,40.700123,-73.90621,Saturday,8am-3pm,,Yes,No,No
2018,Riverdale Y Sunday Farmers' Market,Bronx,"Independence Ave bet W 236th & 237th Sts, at MS/HS 141",208,40.8871,-73.913306,Sunday,9am-2pm,,No,No,No
2018,Rockaway Youth Task Force Youth Market,Queens,310 Beach 58th St,414,40.594492,-73.788077,Saturday,8am-3pm,,No,No,No
2018,Rockefeller Center Greenmarket,Manhattan,Rockefeller Plaza bet W 49th & 50th Sts (Jul-Aug only),105,40.759065,-73.97845,"Wednesday
Thursday
Friday",8am - 5pm,,Yes,No,No
2018,Saratoga Farm Stand,Brooklyn,2046-2050 Fulton St,303,40.678543,-73.915816,Saturday,9am-3pm,,No,No,Yes
2018,South Bronx Farmers' Market,Bronx,E 138th St bet Willis & Alexander Aves,201,40.80915701,-73.92092102,"Wednesday
Saturday",10am-4pm,,Yes,No,Yes
2018,South Williamsburg Greenmarket,Brooklyn,Taylor St & Lee Ave,301,40.706998,-73.961364,Thursday,8am - 4pm,,Yes,No,Yes
2018,St. George Greenmarket,Staten Island,Hyatt St & St Marks Pl,501,40.641586,-74.0779,Saturday,8am - 2pm,,Yes,Yes,No
2018,Staten Island Ferry Whitehall Terminal Greenmarket,Manhattan,"4 South St, inside terminal",101,40.7016879,-74.01163113,"Tuesday
Friday",8am - 7pm,,Yes,Yes,No
2018,Staten Island Mall Greenmarket,Staten Island,Marsh Ave & Ring Rd,502,40.583804,-74.161245,Saturday,8am - 3pm,,Yes,No,No
2018,Stuyvesant Town Greenmarket,Manhattan,"E. 14th. St. Loop & Avenue A, in the Oval",103,40.730443,-73.980339,Sunday,9:30am - 4pm,,Yes,No,No
2018,Sunnyside Greenmarket,Queens,Skillman Ave bet 42nd & 43rd Sts,402,40.746999,-73.921724,Saturday,8am - 2pm,,Yes,Yes,No
2018,The Community Farmers Market at Adam Clayton Powell Jr. Blvd,Manhattan,Adam Clayton Powell Jr Blvd bet 110th St & 111th St,110,40.799441,-73.955303,Saturday,10am - 4pm,,Yes,No,No
2018,Tompkins Square Greenmarket,Manhattan,E. 7th St. & Avenue A,103,40.726054,-73.983534,Sunday,9am - 6pm,,Yes,Yes,No
2018,Tribeca Greenmarket,Manhattan,Greenwich & Chambers Sts,101,40.716303,-74.010966,"Wednesday 
Saturday",8am-3pm,,Yes,No,No
2018,Tucker Square Greenmarket,Manhattan,W 66th St & Broadway,107,40.773876,-73.982226,"Thursday
Saturday",8am - 5pm,,Yes,Yes,No
2018,Union Square Greenmarket,Manhattan,E 17th St & Union Square W,105,40.737133,-73.990329,"Monday
Wednesday
Friday
Saturday",8am - 6pm,,Yes,Yes,No
2018,Urban Oasis Farmers' Market,Brooklyn,681 Clarkson Ave.,309,40.656241,-73.936683,Wednesday,2pm-5:30pm,,No,No,No
2018,Water Street Greenmarket,Manhattan,Water St & Coenties Slip,101,40.703268,-74.010347,Thursday,8am - 6pm,,Yes,No,No
2018,Woodhull Hospital Youthmarket,Brooklyn,Marcus Garvey Blvd & Broadway,303,40.700281,-73.94115,Wednesday,9am-3pm,,Yes,No,No
2018,Wyckoff House Museum Farm Stand,Brooklyn,5816 Clarendon Rd,317,40.64497,-73.920914,Saturday,11am-3pm,,No,No,No
2017,125th Street FreshConnect Farmers' Market,Manhattan,125th St & Adam Clayton Powell Jr Blvd,110,-73.9483266703999,40.8089813746999,Tuesday,10am-7pm,,Yes,No,No
2017,170 Farm Stand,Bronx,170th St and Townsend Ave,204,-73.916827,40.840095,Wednesday,2:30pm-6:30pm,,Yes,No,No
2017,175th Street Greenmarket,Manhattan,175th St bet Wadsworth Ave & Broadway,112,-73.9378126725,40.8459557405,Thursday,8am-5pm,,Yes,No,Yes
2017,57th Street Greenmarket,Manhattan,57th St & 9th Ave,104,-73.9857161617999,40.7679253828,Wednesday & Saturday,8am-5pm,,Yes,No,No
2017,79th Street Greenmarket,Manhattan,Columbus Ave bet 78th & 81st Sts,107,-73.9745405583999,40.7832500724,Sunday,9am-5pm,,Yes,Yes,No
2017,82nd Street Greenmarket,Manhattan,82nd St bet 1st and York Aves,108,-73.9489535725,40.7734483572999,Saturday,9am-2:30pm,,Yes,Yes,No
2017,92nd Street Greenmarket,Manhattan,92nd St & 1st Ave,108,-73.9461310652,40.7813244698999,Sunday,9am-4pm,,Yes,No,No
2017,97th Street Greenmarket,Manhattan,97th St bet Columbus & Amsterdam Aves,107,-73.9698736061999,40.7947438866,Friday,8am-2pm,,Yes,Yes,Yes
2017,Abingdon Square Greenmarket,Manhattan,W. 12th St. & 8th Ave.,102,-74.0048296015,40.7375555403,Saturday,8am-2pm,,Yes,Yes,No
2017,Astoria Greenmarket,Queens,14th St. between 31st Ave. & 31st Rd.,401,-73.9320259394,40.7682657793999,Wednesday,8am-3pm,,Yes,No,No
2017,Bartel-Pritchard Square Greenmarket,Brooklyn,Prospect Park W and 15th St.,306,-73.857372,40.869727,Wednesday,1pm-6pm,,Yes,No,No
2017,Bay Ridge Greenmarket,Brooklyn,95 St & 3 Ave.,310,-73.9802063949999,40.6609639628999,Wednesday & Sunday,8am-3pm,,Yes,Yes,No
2017,Bensonhurst Greenmarket,Brooklyn,81 St. & 18 Ave.,311,-74.0335899405999,40.6172857112999,Saturday,8am-3pm,,Yes,No,No
2017,Bissel Gardens Farmers' Market,Bronx,Baychester Ave & E 241st St,212,-73.846938851,40.901527926,Wednesday & Saturday,9am-5pm,,Yes,No,No
2017,Borough Park Greenmarket,Brooklyn,14 Ave. between 49 St. & 50 St.,312,-73.9997557895,40.6096668344999,Sunday,9am-4pm,,Yes,No,Yes
2017,Bowling Green Greenmarket,Manhattan,Broadway & Battery Pl.,101,-74.0142911884999,40.704557258,Tuesday & Thursday,8am-5pm,,Yes,Yes,No
2017,Broadway French Market,Manhattan,Broadway bet 35th & 36th Sts,105,-73.9877430212,40.7509966119,"Wednesday, Thursday & Friday",11am-6pm,,No,No,No
2017,Bronx Borough Hall Greenmarket,Bronx,Grand Concourse bet. 161st St. & 162nd St.,204,-73.9222343718,40.8277296369,Tuesday,8am-4pm,,Yes,No,Yes
2017,Brooklyn Borough Hall Greenmarket,Brooklyn,Court St. and Montague St.,302,-73.9899170088999,40.6337040262,Thursday,8am-3pm,,Yes,No,No
2017,Brooklyn Museum Farm Stand,Brooklyn,200 Eastern Parkway,255,-73.9904560629999,40.6937296436,"Tuesday, Thursday & Saturday",8am-5pm,,Yes,Yes,No
2017,Brownsville Pitkin Avenue Youthmarket,Brooklyn,Pitkin Ave & Thomas Boyland St,316,-73.9633717112999,40.6719087556,Thursday,1pm-6pm,,Yes,No,No
2017,Brownsville Rockaway Youthmarket,Brooklyn,Rockaway & Livonia Aves,316,-73.9135549318999,40.6692718266,Saturday,9am-2pm,,Yes,No,No
2017,Bryant Park French Market,Manhattan,6th ave. & 42nd st.,105,-73.984141,40.75507,Wednesday & Friday,8am-3pm,,No,No,No
2017,Carroll Gardens Greenmarket,Brooklyn,Carroll St. between Smith and Court St.,306,-73.9089211194,40.6625627542,Friday,11am-4pm,,Yes,No,No
2017,Chelsea's Down to Earth Farmers' Market,Manhattan,23rd Street between 8th and 9th Aves,104,-73.9984893169,40.7453013204999,Saturday,9am-4pm,,Yes,No,No
2017,Chenchita's Community Garden,Manhattan,112th St & Madison Ave,111,-73.9467031109,40.797458274,Saturday,9am-3pm,,Yes,No,No
2017,City Hall Greenmarket,Manhattan,Broadway & Chambers St.,101,-74.0063104742,40.7141728797,Tuesday & Friday,8am-4pm,,Yes,No,No
2017,Columbia University Greenmarket,Manhattan,Broadway and W. 114th St.,109,-73.9639000735,40.8080101811,Thursday & Sunday,8am-5pm,,Yes,Yes,No
2017,Corona Greenmarket,Queens,Roosevelt Ave. & 104th St.,404,-73.8627272614999,40.7498773738999,Friday,8am-3pm,,Yes,No,No
2017,Cortelyou Greenmarket,Brooklyn,Cortelyou Rd. and Rugby Rd.,314,-73.9946546352999,40.6805495234,Sunday,8am-2pm,,Yes,Yes,No
2017,Cunningham Park's Down to Earth Farmers' Market,Queens,Union Turnpike & 196 Pl,408,-73.774049,40.731315,Sunday,9am-2pm,,Yes,No,No
2017,Cypress Hills Youthmarket,Brooklyn,Fulton & Richmond Sts,305,-73.9653020965999,40.6408329364,Sunday,8am-3pm,,Yes,Yes,No
2017,Dag Hammarskjold Plaza Greenmarket,Manhattan,E. 47th St. & Second Ave,106,-73.9698888707,40.753007394,Wednesday,8am-4pm,,Yes,Yes,No
2017,Ditmars Park Youthmarket,Queens,Steinway St bet Ditmars Blvd & 23rd Ave,401,-73.9060624715999,40.7728614473,Saturday,8am-3pm,,Yes,No,No
2017,DUMBO Down to Earth Farmers' Market,Brooklyn,Pearl & Water Sts,302,-73.8778693147999,40.6820466121999,Friday,10am-5pm,,Yes,No,No
2017,East New York Farm Stand,Brooklyn,New Lots Ave bet Alabama & Georgia Aves,305,-73.9875910579,40.7031384332999,Wednesday,11am-7pm,,Yes,No,No
2017,East New York Farmers' Market,Brooklyn,Schenck Ave bet New Lots & Livonia Aves,305,-73.8946930812,40.6611343021,Wednesday,3:30pm-6:30pm,,Yes,No,No
2017,Edible Schoolyard NYC's Farm Stand at PS 216 - May-June & Sept-Nov only,Brooklyn,Avenue X & East 1st St,315,-73.8866905981,40.6658587014999,Saturday,9am-3pm,,Yes,No,Yes
2017,El Barrio Youth Marqueta,Manhattan,116th St & Park Ave,111,-73.9432342637,40.7993147991999,Thursday & Saturday,10am-4pm,,Yes,No,No
2017,Elmhurst Hospital Greenmarket,Queens,"41st Ave., 80th St. & 81st St.",404,-73.8845623340999,40.7458994785,Tuesday,8am-4pm,,Yes,No,No
2017,Fairway Gardens Farm Stand,Staten Island,80 Park Hill Ave,501,-74.079739,40.617766,Friday,2pm-7pm,,Yes,No,No
2017,Far Rockaway Youth Market (previously BSCAH Edgemere Farm),Queens,Beach 45th St & Beach Channel Dr,414,-73.7765526193999,40.595620058,Saturday,10am-2pm,,Yes,No,No
2017,Flatbush Junction Youthmarket,Brooklyn,Nostrand & Flatbush Aves by subway entrance,314,-73.9692995709,40.5906564996,Friday,1:45pm-2:45pm,,Yes,No,No
2017,Flushing Greenmarket,Queens,Kissena Blvd and Maple Ave (Maple Playground),407,-73.826093,40.755925,Wednesday,8am-4pm,,Yes,No,No
2017,Fordham Plaza Greenmarket,Bronx,Fordham Plaza - Park Ave. btw 189th St. and E Fordham Rd.,206,-73.891224,40.860343,Wednesday,8am-4pm,,Yes,No,Yes
2017,Forest Hills Greenmarket,Queens,70th Ave. & Queens Blvd.,406,-73.8463861819,40.7218885274999,Sunday,8am-2pm,,Yes,Yes,No
2017,Fort Greene Park Greenmarket,Brooklyn,Washington Park between Dekalb Ave. & Willoughby St.,302,-73.9476992098999,40.6328938407,Saturday,8:30am-2pm,,Yes,No,No
2017,Fort Washington Greenmarket,Manhattan,168th St. and Fort Washington Ave.,112,-73.9422797073,40.8421621302999,Tuesday,8am-4pm,,Yes,No,No
2017,Frederick Douglass House Farm Stand,Manhattan,"101st st. and Columbus Ave. New York, NY",107,-73.965217,40.796082,Saturday,9am-3pm,,Yes,No,No
2017,Friends of Van Cortlandt Park Amalgamated Housing Youth Farmstand,Bronx,Orloff Ave & Gale Pl,208,-73.890107724,40.8826816599,Wednesday,2pm-7pm,,Yes,No,No
2017,Gouverneur Health Youthmarket,Manhattan,Madison St bet Clinton & Jefferson Sts,103,-73.9869291300999,40.7129124650999,Thursday,8:30am-2pm,,Yes,No,No
2017,Graham Avenue Farmers' Market,Brooklyn,Cook St & Graham Ave,301,-73.9735405829,40.6917150824,Saturday,8am-3pm,,Yes,Yes,No
2017,Grand Army Plaza Greenmarket,Brooklyn,"Northwest entrance to Prospect Park, at Flatbush Ave. and Prospect Park W",355,-73.9423827197,40.7023534036,Saturday,8am-5:30pm,,Yes,No,Yes
2017,Grass Roots Farmers' Market,Manhattan,"145th St bet Edgecombe & Bradhurst Aves, at Jackie Robinson Park",109,-73.942924781,40.8232678445,Tuesday & Saturday,9am-4pm,,Yes,No,Yes
2017,Hamilton Heights Green Youthmarket,Manhattan,"Amsterdam bet W 143rd & 144th Sts., at Johnny Hartman Plaza",109,-73.9485535171999,40.8239484385999,Wednesday,10:30am-4:30pm,,Yes,No,No
2017,Harvest Home Cityline Farmers' Market,Brooklyn,Drew St bet 101 & Liberty Aves,305,-73.9701927034,40.6724237139999,Saturday,8am-4pm,,Yes,Yes,No
2017,Harvest Home Clinton Hill Farmers' Market,Brooklyn,Lafayette Ave & Waverly Ave,302,-73.8633519249,40.6793596201,Saturday,8am-4pm,,Yes,No,No
2017,Harvest Home Coney Island Hospital Farmers' Market,Brooklyn,Ocean Pkwy bet Ave Z & Shore Pkwy,313,-73.9658219186,40.688218956,Tuesday,8am-6pm,,Yes,No,No
2017,Harvest Home Co-op City Farmers' Market,Bronx,Asch Loop & Aldrich St.,210,-73.8261561324,40.8727862821,Wednesday,8am-4pm,,Yes,No,No
2017,Harvest Home East Harlem Farmers' Market,Manhattan,104th St & 3rd Ave,111,-73.9456363032,40.7902610919,Thursday,8am-4pm,,Yes,No,No
2017,Harvest Home East River Farmers' market,Manhattan,1st Ave bet 108th & 109th Sts,111,-73.9391316778,40.7909138309999,Saturday,8am-4pm,,Yes,No,No
2017,Harvest Home Harlem Hospital Farmers' Market,Manhattan,506 Lenox Ave between 135th & 137th Sts,110,-73.9399747135999,40.8154380718999,Friday,8am-7pm,,Yes,Yes,No
2017,Harvest Home Hunts Point Market,Bronx,E 163rd St & Hunts Point Ave,210,-73.8916147393999,40.820994087,Wednesday,8am-4pm,,Yes,No,No
2017,Harvest Home Jacobi Hospital Farmers' Market,Bronx,1400 Pelham Pkwy at Eastchester Rd,211,-73.8470800897,40.8574345984999,Tuesday & Friday,8am-4pm,,Yes,No,No
2017,Harvest Home Kings County Hospital Farmers' Market,Brooklyn,Clarkson Ave bet E 37th and E 38th Sts,317,-73.9661691697999,40.5865603775,Wednesday & Friday,8am-4pm,,Yes,No,No
2017,Harvest Home Lenox Ave Farmers' Market,Manhattan,Lenox Ave bet 117th & 118th Sts,110,-73.9489734341999,40.8030942729999,Saturday,8am-4pm,,Yes,No,No
2017,Harvest Home Marcy Park Farmers' Market,Brooklyn,Myrtle & Marcy Aves,302,-73.9433563464999,40.6558354471999,Wednesday,8am-6pm,,Yes,No,No
2017,Harvest Home Metropolitan Farmers' Market,Manhattan,99th St & 3rd Ave,111,-73.9479247340999,40.7871276636999,Friday,8am-4pm,,Yes,No,No
2017,Harvest Home Mt. Eden Farmers' Market,Bronx,Mt. Eden & Morris Aves,204,-73.9095888023999,40.8427641883,Tuesday & Thursday,8am-4pm,,Yes,No,No
2017,Harvest Home North Central Bronx Farmers' Market,Bronx,Mosholu Pkwy & Jerome Ave,207,-73.8856766663,40.8788797113,Wednesday,8am-4pm,,Yes,No,No
2017,Harvest Home Soundview Farmers' Market,Bronx,Morrison Ave & Harrod Pl,209,-73.8744377184,40.8290543708,Saturday,8am-4pm,,Yes,No,No
2017,Harvest Home St. Mary's Park Market,Bronx,149th St & St. Ann's Ave,201,-73.9129547502,40.8142766251,Thursday,8am-4pm,,Yes,No,No
2017,Harvest Home West Harlem Farmers' Market,Manhattan,Broadway bet 137th & 138th Sts,109,-73.9541340172,40.8213899711999,Tuesday,8am-4pm,,Yes,No,No
2017,Hattie Carthan After Church Farmers' Market,Brooklyn,49 Van Buren St bet Tompkins & Throop Aves,303,-73.9492080721999,40.6953849073,Thursday,8am-4pm,,Yes,No,No
2017,Hattie Carthan Community Farmers' Market,Brooklyn,Marcy Ave & Clifton Pl,303,-73.9435580667999,40.6900436975,Sunday,1pm-6pm,,Yes,No,No
2017,HEALTH for Youths Farm Stand,Staten Island,Clyde Pl bet Prospect & Harvard Aves,501,-74.08953,40.639903,Saturday,10am-12pm,,No,No,No
2017,High School for Public Service Youth Farm Farmers' Market,Brooklyn,600 Kingston Ave bet Rutland Rd & Winthrop St,309,-73.9480406273,40.6895188127,Saturday,9am-3pm,,Yes,No,No
2017,Hudson Yards Down to Earth Farmers' Market,Manhattan,Hudson Blvd East and W 34th Street,104,-74.000517,40.755342,Thursday,12pm-6pm,,Yes,No,No
2017,Inwood Park Greenmarket,Manhattan,Isham St. between Seaman and Cooper,112,-73.9203204394,40.8690087167,Saturday,8am-3pm,,Yes,Yes,No
2017,Irving Square Park Youthmarket,Brooklyn,Wilson Ave & Halsey St,304,-73.9424598947999,40.6589009237,Wednesday,2:30pm-6:30pm,,Yes,No,No
2017,Isabahlia Farm Stand,Brooklyn,Rockaway & Sutter Aves,316,-73.909549,40.691594,Friday,12pm-5pm,,Yes,No,No
2017,Isabahlia Farm Stand Winter Market,Brooklyn,"New Lots Ave & Sackman St, inside greenhouse",316,-73.9018884807999,40.6579292691,Saturday,8am-1pm,,Yes,No,No
2017,Isabahlia Farmers' Market,Brooklyn,Livonia Ave bet Powell & Junius Sts,316,-73.9100935669,40.6671639278999,Friday,11am-4pm,,Yes,No,No
2017,Jackson Heights Greenmarket,Queens,34th Ave. between 77th St. and 78th St.,403,-73.8887579226,40.7533473709999,Sunday,8am-2pm,,Yes,Yes,Yes
2017,Jamaica's Down to Earth Farmers' Market - Friday market,Queens,Parsons Blvd bet Jamaica and Archer Aves,412,-73.7999222517999,40.7024821332,Friday,8:30am-4pm,,Yes,No,Yes
2017,Jamaica's Down to Earth Farmers' Market - Saturday market,Queens,160th St & Jamaica Ave,412,-73.7991501964999,40.7037598528999,Saturday,8:30am-4pm,,Yes,No,Yes
2017,Kensington Youthmarket,Brooklyn,Ft. Hamilton Pkwy bet E 4th & E 5th Sts,312,-73.9014511092999,40.6636654893,Saturday,8am-3pm,,Yes,No,No
2017,Kingsbridge-Riverdale Farmers' Market,Bronx,260 W 231st St,208,-73.907356,40.879974,Sunday,9am-5pm,,No,No,No
2017,La Familia Verde Farmers' Market,Bronx,E Tremont Ave bet LaFontaine & Arthur Aves,206,-73.8943382047999,40.8464950107,Tuesday,8am-3pm,,Yes,No,Yes
2017,"Learn It, Grow It, Eat It Youthmarket",Bronx,McKinley Sq at 169th St & Boston Rd,203,-73.9001659542,40.8311517735999,Wednesday,10am-3pm,,Yes,No,No
2017,Lincoln Hospital Greenmarket,Bronx,149th St. between Park Ave. & Morris Ave.,201,-73.9227594665999,40.8173961245,Tuesday & Friday,8am-3pm,,Yes,No,No
2017,Lower East Side Youthmarket,Manhattan,Grand Ave bet Pitt & Willet Sts,103,-73.9842592931999,40.7152177309,Thursday,8am-3pm,,Yes,No,No
2017,Malcolm X Blvd Farmers' Market,Brooklyn,Malcolm X Blvd bet Marion & Chauncey Sts,303,-73.976602583,40.6491744472999,Saturday,8am-3pm,,Yes,No,No
2017,Marcus Garvey Apartments Farm Stand,Brooklyn,"300 Chester St. Brooklyn, NY",316,-73.9285712733999,40.6805137546,Saturday,8am-3pm,,Yes,No,No
2017,Marcus Garvey Mart Farmers Market,Manhattan,W. 135th St. bet. 5th and Lenox Aves.,111,-73.942783,40.805901,Saturdays,8am-6pm,,Yes,No,No
2017,Marcy Plaza Community Farmers' Market,Brooklyn,Fulton St & Marcy Ave,303,-73.9103855393999,40.6644852514,Tuesday & Saturday,1pm-6pm,,Yes,No,No
2017,McCarren Park Greenmarket,Brooklyn,Union between Driggs and N12th St,301,-73.9459251028,40.6801336891,Wednesday,11:30am-6:30pm,,Yes,No,Yes
2017,McGolrick Park's Down to Earth Farmers' Market,Brooklyn,"Russell St & Nassau Ave, center of park",301,-73.9524799378999,40.7192273304999,Saturday,8am-3pm,,Yes,Yes,No
2017,Morningside Park's Down to Earth Farmers' Market,Manhattan,110th St & Manhattan Ave,107,-73.9596489284,40.8011634257999,Saturday,9am-4pm,,Yes,No,No
2017,Mott Haven Farmers' Market,Bronx,"139th St & St. Ann's Ave, at Padre Plaza Success Garden",201,-73.9170165724,40.8075138755,Monday,10am-4pm,,Yes,No,Yes
2017,Mount Sinai Hospital Greenmarket,Manhattan,E. 99th St. betwen Madison Ave & Park Ave,111,-73.9527441949,40.7891773108,Wednesday,8am-5pm,,Yes,No,No
2017,Norwood Youthmarket,Bronx,E Gun Hill Rd & Dekalb Ave,207,-73.8804597606,40.8822284393,Thursday,12pm-7pm,,Yes,No,No
2017,NYC Health + Hospital East New York Farmacy,Brooklyn,2094 Pitkin Ave,305,-73.9444984415,40.7256245382,Sunday,10am-4pm,,Yes,No,No
2017,Oculus Plaza Greenmarket,Manhattan,Church St at Fulton Street,101,40.711535,-74.010464,Tuesday,7am-7pm,,Yes,No,No
2017,Park Slope's Down to Earth Farmers' Market,Brooklyn,5th Ave & 4th St,306,-73.895359,40.671927,Monday & Wedneday,10am-3pm,,Yes,No,Yes
2017,Parkchester Greenmarket,Bronx,Westchester Ave. & White Plains Rd.,209,-73.8625411948,40.8330563255,Friday,8am-4pm,,Yes,No,Yes
2017,Parkside Plaza Greenmarket,Brooklyn,Parkside Ave. and Ocean Ave.,314,-73.9837863813999,40.6722016451999,Wednesday & Sunday,"Wed: 3pm-7pm
Sun: 10am-5pm,
(year round Sunday closes at 4)",,Yes,No,No
2017,Pitkin Verde Farmers' Market,Brooklyn,2094 Pitkin Ave at Pennsylvania Ave,305,-73.9618817836999,40.6548906387999,Sunday,8am - 4pm,,Yes,No,No
2017,Poe Park Greenmarket,Bronx,E. 192 St. & Grand Concourse,207,-73.895027,40.864381,Tuesday,8am-3pm,,Yes,No,Yes
2017,Pomonok Community-Run Farmers' Market,Queens,67-09 Kissena Blvd,408,-73.8146620578,40.7350405246,Wednesday,9am-5pm,,Yes,No,No
2017,Project EATS Farmacy at the Brownsville Neighborhood Health Action Center,Brooklyn,259 Bristol St.,316,-73.895249135,40.6719849254999,Tuesday,9am-5pm,,Yes,No,No
2017,PS 11 Farm Market,Manhattan,21st St bet 8th and 9th Aves,104,-74.0022678383,40.7452162208999,Wednesday,8am-10am,,Yes,No,No
2017,PS 57 Youthmarket,Manhattan,115th street and 3rd Avenue,111,-73.940872,40.797169,Wednesday,9:00a.m.-4:00p.m.,,Yes,No,no
2017,PS 7 Farm Stand,Manhattan,"Lexington Ave & 119th St, in schoolyard",111,-73.9402064239999,40.8005648645999,Wednesday,2:15pm-4pm,,Yes,No,No
2017,Putnam Triangle Youthmarket,Brooklyn,966 Fulton St,302,-73.91135,40.664677,Tuesday & Thursday,10am-3pm,,Yes,No,Yes
2017,Queens Botanical Garden's Down to Earth Farmers' Market,Queens,82 Dahllia Avenue,407,-73.8263634104,40.7518676494999,Friday,8:30am-4pm,,Yes,No,No
2017,Queens Hospital Center Farmers' Market,Queens,"82-68 164th St, in front of Ambulatory Care Pavilion",408,-73.8036027959,40.7172336563,Thursday,8am-4pm,,No,No,No
2017,Queens Hospital Center Farmers' Market II,Queens,"114-02 Guy R Brewer Blvd., Jamaica",412,-73.7856734232999,40.6887600482,Thursday,8am-4pm,,No,No,No
2017,Rachel Mae's Market,Manhattan,Essex St bet Hester and Canal,103,-73.989747,40.715578,Saturday,10am-5pm,,No,No,No
2017,RB Bushwick Farmers Market at Maria Hernandez Park,Brooklyn,Knickerbocker Ave & Starr St,304,-73.962203,40.682312,Wednesday,9am-2pm,,Yes,No,No
2017,RB Farmers Market at Rheingold,Brooklyn,555 Bushwick Ave,304,-73.922045,40.70742,Friday,5pm-10pm,,Yes,No,No
2017,RB Farmers Night Market,Brooklyn,434 Troutman Street,304,-73.9253915954,40.7028184891999,Saturday,10am-4pm,,Yes,No,Yes
2017,RB Youth Center Bushwick Farmers Market,Brooklyn,1474 Gates Avenue,304,-73.935453,40.699668,Sunday,10am-4pm,,Yes,No,Yes
2017,Red Hook Farm Stand,Brooklyn,580 Columbia St,306,-73.914043,40.697557,Thursday,4pm-7pm,,Yes,No,No
2017,Restoration Plaza Farm Stand,Brooklyn,Fulton St & Marcy Ave,303,-74.0110073612,40.6722351977999,Saturday,10am-3pm,,Yes,No,Yes
2017,Ridgewood Youthmarket,Queens,Cypress Ave bet Myrtle & Putnam Aves,405,-73.9066190215,40.7003756704,Saturday,8am-3pm,,Yes,No,No
2017,Riverdale Y Sunday Farmers' Market,Bronx,"MS/HS 141, Independence Ave bet 236th & 237th Sts",208,-73.913255,40.887714,Sunday,9am-2pm,,No,No,No
2017,Riverdale Youthmarket,Bronx,256th St & Mosholu Ave,208,-73.9031135203999,40.9038750518,Thursday,1pm-7pm,,Yes,No,No
2017,Rockaway Beach Youthmarket,Queens,Beach 58th St & Beach Channel Dr,414,-73.7880788172,40.5945000514999,Saturday,9am-2pm,,Yes,No,No
2017,Rockefeller Center Greenmarket,Manhattan,Rockefeller Plaza between W. 50th St. & W. 51st St,105,-73.9784518322999,40.7590724581,"Wednesday, Thursday & Friday",8am-5pm,,Yes,No,No
2017,Saratoga Youth Market,Brooklyn,Saratoga Ave & Fulton St,303,-73.9163009122,40.6785841411,Saturday,10am-2pm,,Yes,No,Yes
2017,South Bronx Farmers' Market,Bronx,138th St bet Willis & Alexander Aves,201,-73.9251449498,40.8100610549999,Wednesday & Saturday,10am-4pm,,Yes,No,Yes
2017,South Williamsburg Greenmarket,Brooklyn,Taylor St. and Lee Ave.,301,-73.9613650639,40.707005483,Thursday,8am - 4pm,,Yes,No,Yes
2017,St. George Greenmarket,Staten Island,Hyatt St. & St. Mark's Place,501,-74.077292,40.641607,Saturday,8am-2pm,,Yes,Yes,No
2017,St. Mark's Church Greenmarket,Manhattan,E 10th St & 2nd Ave,103,-73.9868103634999,40.7297844858,Tuesday,8am-6pm,,Yes,No,No
2017,Staten Island Ferry Whitehall Terminal Greenmarket,Manhattan,4 South St. (inside terminal),101,-74.0118669677,40.7016425926999,Tuesday & Friday,8am-7pm,,Yes,Yes,No
2017,Staten Island Mall Greenmarket,Staten Island,Marsh Avenue & Ring Road,502,-74.159757,40.583867,Saturday,8am-3pm,,Yes,No,No
2017,Stuyvesant Town Greenmarket,Manhattan,"14th St. Loop & Ave. A (in the Oval), 10009",103,-73.9803409068999,40.7304505393,Sunday,9:30am-4pm,,Yes,No,No
2017,Sugar Hill Greenmarket,Manhattan,W 155th St. and St. Nicholas Ave.,109,-73.9413680213999,40.8309001187,Saturday,8am-4pm,,Yes,No,No
2017,Sunnyside Greenmarket,Queens,Skillman Ave. between 42th St. & 43rd St.,402,-73.9207985089,40.7468989934,Saturday,8am-2pm,,Yes,Yes,No
2017,Sunset Park Greenmarket,Brooklyn,59 St. & 4 Ave.,307,-74.0184320941999,40.6408449272,Saturday,8am - 3pm,,Yes,No,Yes
2017,Taqwa Community Farmers' Market,Bronx,90 West 164th St bet Ogden & Nelson Aves Ogden Aves,204,-73.9293869587999,40.8329244943,Saturday,10am-4pm,,Yes,No,No
2017,Tompkins Square Greenmarket,Manhattan,E. 7th St. & Ave. A,103,-73.9835351597999,40.7260621742,Sunday,9am-6pm,,Yes,Yes,No
2017,Tribeca Greenmarket,Manhattan,Greenwich & Chambers Sts,101,-74.0109677454999,40.7163106993999,Wednesday & Saturday,8am-3pm,,Yes,No,No
2017,Tucker Square Greenmarket,Manhattan,W. 66th St. and Columbus Ave,107,-73.9815737691999,40.7736091515999,Thursday & Saturday,8am-5pm,,Yes,Yes,No
2017,Union Square Greenmarket,Manhattan,"E. 17th St. & Broadway, 10003",105,-73.9903307676,40.7371407780999,"Monday, Wednesday, Friday & Saturday",8am-6pm,,Yes,Yes,No
2017,Urban Oasis Farmers' Market,Brooklyn,Clarkson & Troy Aves,309,-73.9366848278999,40.6562491753999,Wednesday,2pm-5:30pm,,Yes,No,No
2017,Water Street Greenmarket,Manhattan,Water Street and Coenties Slip,101,-74.0103488668,40.7032758753,Thursday,8am-6pm,,Yes,No,No
2017,Woodhull Hospital Youthmarket,Brooklyn,Marcus Garvey Blvd and Broadway,301,-73.94124,40.700254,Wednesday,8am-3pm,,Yes,No,No
2016,125th Street FreshConnect Farmers' Market,Manhattan,125th St & Adam Clayton Powell Jr Blvd,110,-73.94832667,40.80898137,Tuesday,10am-7pm,,Yes,No,Yes
2016,175th Street Greenmarket,Manhattan,175th St bet Wadsworth Ave & Broadway,112,-73.93781267,40.84595574,Thursday,8am-5pm,,Yes,No,Yes
2016,57th Street Greenmarket,Manhattan,57th St & 9th Ave,104,-73.98571616,40.76792538,Wednesday & Saturday,8am-5pm,,Yes,No,No
2016,79th Street Greenmarket,Manhattan,Columbus Ave bet 78th & 81st Sts,107,-73.97454056,40.78325007,Sunday,9am-5pm,,Yes,Yes,No
2016,82nd Street Greenmarket,Manhattan,82nd St bet 1st and York Aves,108,-73.94895357,40.77344836,Saturday,9am-2:30pm,,Yes,Yes,No
2016,92nd Street Greenmarket,Manhattan,92nd St & 1st Ave,108,-73.94613107,40.78132447,Sunday,9am-4pm,,Yes,No,No
2016,97th Street Greenmarket,Manhattan,97th St bet Columbus & Amsterdam Aves,107,-73.96987361,40.79474389,Friday,8am-2pm,,Yes,Yes,Yes
2016,Abingdon Square Greenmarket,Manhattan,12th St & 8th Ave,102,-74.0048296,40.73755554,Saturday,8am-2pm,,Yes,Yes,No
2016,Agape's Bounty,Brooklyn,8712 Glenwood Rd bet 87th & 88th St,318,-73.90965758,40.64041841,Saturday,8am-2pm,,Yes,No,No
2016,Astoria Greenmarket,Queens,14th St bet 31st Ave & 31st Rd,401,-73.93202594,40.76826578,Wednesday,8am-3pm,,Yes,No,No
2016,Bartel-Pritchard Square Greenmarket,Brooklyn,Prospect Park W at 15th St,306,-73.98020639,40.66096396,Wednesday & Sunday,"Wed: 8am-3pm
Sun: 9am-3pm",,Yes,Yes,No
2016,Bay Ridge Greenmarket,Brooklyn,3rd Ave & 95th St,310,-74.03358994,40.61728571,Saturday,8am-3pm,,Yes,No,No
2016,Bensonhurst Greenmarket,Brooklyn,18th Ave bet 81st & 82nd Sts,311,-73.99975579,40.60966683,Sunday,9am-4pm,,Yes,No,No
2016,Bissel Gardens Farmers' Market,Bronx,Baychester Ave & 241st St,212,-73.84693885,40.90152793,Wednesday & Saturday,9am-5pm,,Yes,No,No
2016,Boro Park Greenmarket,Brooklyn,14th Ave bet 49th & 50th Sts,312,-73.98991701,40.63370403,Thursday,8am-3pm,,Yes,No,No
2016,Bowling Green Greenmarket,Manhattan,Broadway & Battery Pl,101,-74.01429119,40.70455726,Tuesday & Thursday,8am-5pm,,Yes,Yes,No
2016,Broadway French Market,Manhattan,Broadway bet 35th & 36th Sts,105,-73.98774302,40.75099661,"Wednesday, Thursday & Friday",11am-6pm,,No,No,No
2016,Bronx Borough Hall Greenmarket,Bronx,Grand Concourse bet 161st & 162nd Sts,204,-73.92223437,40.82772964,Tuesday,8am-4pm,,Yes,No,Yes
2016,Brooklyn Borough Hall Greenmarket,Brooklyn,Court & Montague Sts,302,-73.99045606,40.69372964,"Tuesday, Thursday & Saturday",8am-6pm,,Yes,Yes,No
2016,Brownsville Pitkin Avenue Youthmarket,Brooklyn,Pitkin Ave & Thomas Boyland St,316,-73.91355493,40.66927183,Saturday,10am-3pm,,Yes,No,No
2016,Brownsville Rockaway Youthmarket,Brooklyn,Rockaway & Livonia Aves,316,-73.90892112,40.66256275,Friday,12pm-5pm,,Yes,No,No
2016,Bushwick Farmers' Market at Maria Hernandez Park,Brooklyn,Knickerbocker Ave & Starr St,304,-73.9253916,40.70281849,Saturday,9am-4pm,,Yes,No,Yes
2016,Bushwick Farmers' Market on Broadway,Brooklyn,Halsey St & Broadway,303,-73.91550225,40.68576938,Thursday,2pm-7pm,,Yes,No,No
2016,Carroll Gardens Greenmarket,Brooklyn,Carroll St bet Court & Smith Sts,306,-73.99465464,40.68054952,Sunday,8am-3pm,,Yes,Yes,No
2016,Chelsea's Down to Earth Farmers' Market,Manhattan,23rd Street between 8th and 9th Aves,104,-73.99848932,40.74530132,Saturday,9am-5pm,,Yes,No,No
2016,Chenchita's Community Garden,Manhattan,112th St & Madison Ave,111,-73.94670311,40.79745827,Saturday,9am-3pm,,Yes,No,No
2016,City Hall Greenmarket,Manhattan,Broadway & Chambers St,101,-74.00631047,40.71417288,Tuesday & Friday,8am-4pm,,Yes,No,No
2016,Columbia University Greenmarket,Manhattan,Broadway bet 114th & 116th Sts,109,-73.96390007,40.80801018,Thursday & Sunday,8am-5pm,,Yes,Yes,No
2016,Corona Greenmarket,Queens,Roosevelt Ave & 103rd St,404,-73.86272726,40.74987737,Friday,8am-3pm,,Yes,No,Yes
2016,Cortelyou Greenmarket,Brooklyn,Cortelyou Rd bet Argyle & Rugby Rds,314,-73.9653021,40.64083294,Sunday,8am-3pm,,Yes,Yes,No
2016,Culinary Kids Farm Rockaway,Queens,444 Beach 58th St & Beach Channel Dr,409,-73.78807882,40.59450005,Saturday & Sunday,10am-4pm,,Yes,No,No
2016,Culinary Kids Farmers' Market (July - Sept only),Queens,30-15 Seagirt Blvd,414,-73.76321033,40.59596389,Saturday,10am-3pm,,Yes,No,No
2016,Cypress Hills Youthmarket,Brooklyn,Fulton & Richmond Sts,305,-73.87786931,40.68204661,Friday,11am-6pm,,Yes,No,Yes
2016,Dag Hammarskjold Plaza Greenmarket,Manhattan,47th St & 2nd Ave,106,-73.96988887,40.75300739,Wednesday,8am-4pm,,Yes,Yes,No
2016,Ditmars Park Youthmarket,Queens,Steinway St bet Ditmars Blvd & 23rd Ave,401,-73.90606247,40.77286145,Saturday,9am-4pm,,Yes,No,No
2016,DUMBO Down to Earth Farmers' Market,Brooklyn,Pearl & Water Sts,302,-73.98759106,40.70313843,Wednesday,12pm-7pm,,Yes,No,No
2016,East New York Farm Stand,Brooklyn,New Lots Ave bet Alabama & Georgia Aves,305,-73.89469308,40.6611343,Wednesday,3:30pm-6:30pm,,Yes,No,No
2016,East New York Farmers' Market,Brooklyn,Schenck Ave bet New Lots & Livonia Aves,305,-73.8866906,40.6658587,Saturday,9am-3pm,,Yes,No,Yes
2016,Edible Schoolyard NYC's Farm Stand at PS 216 (Sept-Nov only),Brooklyn,Avenue X & East 1st St,315,-73.96929957,40.5906565,Friday,1:45pm-2:45pm,,Yes,No,No
2016,El Barrio Youth Marqueta,Manhattan,116th St & Park Ave,111,-73.94323426,40.7993148,Thursday & Saturday,11am-5pm,,Yes,No,No
2016,Elmhurst Hospital Greenmarket,Queens,41st Ave bet 80th & 81st Sts,404,-73.88456233,40.74589948,Tuesday,8am-4pm,,Yes,No,No
2016,Far Rockaway Youth Market,Queens,Beach 45th St & Beach Channel Dr,414,-73.77655262,40.59562006,Saturday,10am-2pm,,Yes,No,No
2016,Flatbush Junction Youthmarket,Brooklyn,Nostrand & Flatbush Aves by subway entrance,314,-73.94769921,40.63289384,Saturday,8:30am-3pm,,Yes,No,No
2016,Forest Hills Greenmarket,Queens,Queens Blvd & 70th Ave,406,-73.84638618,40.72188853,Sunday,8am-3pm,,Yes,Yes,No
2016,Fort Greene Park Greenmarket,Brooklyn,Washington Park bet DeKalb & Willoughby Aves,302,-73.97354058,40.69171508,Saturday,8am-4pm,,Yes,Yes,Yes
2016,Fort Washington Greenmarket,Manhattan,168th St & Ft. Washington Ave,112,-73.94227971,40.84216213,Tuesday,8am-4pm,,Yes,No,No
2016,Friends of Van Cortlandt Park Amalgamated Housing Youth Farmstand,Bronx,Orloff Ave & Gale Pl,208,-73.89010772,40.88268166,Wednesday,2pm-7pm,,Yes,No,No
2016,Gouverneur Health Youthmarket,Manhattan,Madison St bet Clinton & Jefferson Sts,103,-73.98692913,40.71291247,Thursday,8:30am-3pm,,Yes,No,No
2016,Graham Avenue Farmers' Market,Brooklyn,Cook St & Graham Ave,301,-73.94238272,40.7023534,Saturday,8am-5pm,,Yes,No,Yes
2016,Grand Army Plaza Greenmarket,Brooklyn,Prospect Park W & Flatbush Ave,355,-73.9701927,40.67242371,Saturday,8am-4pm,,Yes,Yes,No
2016,Grass Roots Farmers' Market,Manhattan,145th St bet Edgecombe & Bradhurst Aves,109,-73.94292478,40.82326784,Tuesday,9am-4pm,,Yes,No,Yes
2016,Greenpoint McCarren Park Greenmarket,Brooklyn,Union Ave bet Driggs Ave & N 12th St,301,-73.95247994,40.71922733,Saturday,8am-3pm,,Yes,Yes,No
2016,Hamilton Heights Green Youth Market,Manhattan,Amsterdam between 143rd & 144th Sts,109,-73.94855352,40.82394844,Wednesday,11am-5pm,,Yes,No,No
2016,Harvest Home Cityline Farmers' Market,Brooklyn,Drew St bet 101 & Liberty Aves,305,-73.86335192,40.67935962,Saturday,8am-4pm,,Yes,No,No
2016,Harvest Home Clinton Hill Farmers' Market,Brooklyn,Lafayette bet Waverly & Washington Aves,302,-73.96582192,40.68821896,Tuesday,8am-4pm,,Yes,No,No
2016,Harvest Home Coney Island Hospital Farmers' Market,Brooklyn,Ocean Pkwy bet Ave Z & Shore Pkwy,313,-73.96616917,40.58656038,Wednesday & Friday,8am-4pm,,Yes,No,No
2016,Harvest Home Co-op City Farmers' Market,Bronx,Asch Loop & Aldrich St.,210,-73.82615613,40.87278628,Wednesday,8am-4pm,,Yes,No,No
2016,Harvest Home East Harlem Farmers' Market,Manhattan,104th St & 3rd Ave,111,-73.9456363,40.79026109,Thursday,8am-4pm,,Yes,No,No
2016,Harvest Home East River Farmers' market,Manhattan,1st Ave bet 108th & 109th Sts,111,-73.93913168,40.79091383,Sunday,9am-4pm,,Yes,No,No
2016,Harvest Home Harlem Hospital Farmers' Market,Manhattan,506 Lenox Ave between 135th & 137th Sts,110,-73.93997471,40.81543807,Friday,8am-6pm,,Yes,Yes,No
2016,Harvest Home Hunts Point Market,Bronx,E 163rd St & Hunts Point Ave,210,-73.89161474,40.82099409,Wednesday,8am-4pm,,Yes,No,No
2016,Harvest Home Jacobi Hospital Farmers' Market,Bronx,1400 Pelham Pkwy at Eastchester Rd,211,-73.84708009,40.8574346,Tuesday & Friday,8am-4pm,,Yes,No,No
2016,Harvest Home Kings County Hospital Farmers' Market,Brooklyn,Clarkson Ave bet E 37th and E 38th Sts,317,-73.94335635,40.65583545,Wednesday,8am-4pm,,Yes,No,No
2016,Harvest Home Lenox Ave Farmers' Market,Manhattan,Lenox Ave bet 117th & 118th Sts,110,-73.94897343,40.80309427,Saturday,8am-5pm,,Yes,No,No
2016,Harvest Home Marcy Park Farmers' Market,Brooklyn,Myrtle & Marcy Aves,302,-73.94920807,40.69538491,Thursday,8am-4pm,,Yes,No,No
2016,Harvest Home Metropolitan Farmers' Market,Manhattan,99th St & 3rd Ave,111,-73.94792473,40.78712766,Friday,8am-4pm,,Yes,No,No
2016,Harvest Home Mt. Eden Farmers' Market,Bronx,Mt. Eden & Morris Aves,204,-73.9095888,40.84276419,Tuesday & Thursday,8am-4pm,,Yes,No,No
2016,Harvest Home North Central Bronx Farmers' Market,Bronx,Mosholu Pkwy & Jerome Ave,207,-73.88567667,40.87887971,Wednesday,8am-4pm,,Yes,No,No
2016,Harvest Home Rochdale Mall Farmers' Market,Queens,Baisley Blvd bet Guy R Brewer & Bedell St,412,-73.77948046,40.67837307,Saturday,8am-4pm,,Yes,No,No
2016,Harvest Home Soundview Farmers' Market,Bronx,Morrison Ave & Harrod Pl,209,-73.87443772,40.82905437,Saturday,8am-4pm,,Yes,No,No
2016,Harvest Home St. Mary's Park Market,Bronx,149th St & St. Ann's Ave,201,-73.91295475,40.81427663,Thursday,8am-4pm,,Yes,No,No
2016,Harvest Home Sunday Farmers' Market,Bronx,"Bronx Museum, E 165th St & Grand Concourse",204,-73.92046361,40.83092328,Sunday,8am-4pm,,Yes,No,No
2016,Harvest Home West Harlem Farmers' Market,Manhattan,Broadway bet 137th & 138th Sts,109,-73.95413402,40.82138997,Tuesday,8am-4pm,,Yes,No,No
2016,Hattie Carthan After Church Farmers' Market,Brooklyn,49 Van Buren St bet Tompkins & Throop Aves,303,-73.94355807,40.6900437,Sunday,1pm-6pm,,Yes,No,No
2016,Hattie Carthan Community Farmers' Market,Brooklyn,Marcy Ave & Clifton Pl,303,-73.94804063,40.68951881,Saturday,9am-3pm,,Yes,No,No
2016,High School for Public Service Youth Farm Farmers' Market,Brooklyn,600 Kingston Ave bet Rutland Rd & Winthrop St,309,-73.94245989,40.65890092,Wednesday,2:30pm-6:30pm,,Yes,No,No
2016,Inwood Park Greenmarket,Manhattan,Isham St bet Seaman Ave & Cooper St,112,-73.92032044,40.86900872,Saturday,8am-3pm,,Yes,Yes,No
2016,Isabahlia Farm Stand,Brooklyn,Rockaway & Sutter Aves,316,-73.91009357,40.66716393,Friday,12pm-5pm,,Yes,No,Yes
2016,Isabahlia Farm Stand Winter Market (Nov-Dec only),Brooklyn,"New Lots Ave & Sackman St, inside greenhouse",316,-73.90188848,40.65792927,Saturday,8am-1pm,,Yes,No,No
2016,Isabahlia Farmers' Market,Brooklyn,Livonia Ave bet Powell & Junius Sts,316,-73.90145111,40.66366549,Saturday,8am-4pm,,Yes,No,Yes
2016,Jackson Heights Greenmarket,Queens,34th Ave & 78th St,403,-73.88875792,40.75334737,Sunday,8am-3pm,,Yes,Yes,Yes
2016,Jamaica's Down to Earth Farmers' Market - Friday market,Queens,Parsons Blvd bet Jamaica and Archer Aves,412,-73.79992225,40.70248213,Friday,8:30am-4pm,,Yes,No,No
2016,Jamaica's Down to Earth Farmers' Market - Saturday market,Queens,160th St & Jamaica Ave,412,-73.7991502,40.70375985,Saturday,8:30am-4pm,,Yes,No,No
2016,Kensington Youthmarket,Brooklyn,Ft. Hamilton Pkwy bet E 4th & E 5th Sts,312,-73.97660258,40.64917445,Saturday,8am-4pm,,Yes,No,No
2016,Kingsbridge-Riverdale Farmers' Market,Bronx,231st St at Kingsbridge Ave,208,-73.90657675,40.87981525,Sunday,9am-5pm,,Yes,No,No
2016,La Familia Verde Farmers' Market,Bronx,E Tremont Ave bet LaFontaine & Arthur Aves,206,-73.8943382,40.84649501,Tuesday,8am-2pm,,Yes,No,Yes
2016,"Learn It, Grow It, Eat It Youthmarket",Bronx,McKinley Sq at 169th St & Boston Rd,203,-73.90016595,40.83115177,Wednesday,10:00am-3pm,,Yes,No,No
2016,Lincoln Hospital Greenmarket,Bronx,149th St bet Park & Morris Aves,201,-73.92275947,40.81739612,Tuesdays & Friday,8am-3pm,,Yes,No,No
2016,LIVE Market,Brooklyn,"Paerdegat Park, E 40th St bet Foster Ave & Farragut Rd",317,-73.93873318,40.63920792,Sunday,9am-3pm,,Yes,No,No
2016,Lower East Side Youthmarket,Manhattan,Grand Ave bet Pitt & Willet Sts,103,-73.98425929,40.71521773,Thursday,8am-4pm,,Yes,No,No
2016,Malcolm X Blvd Farmers' Market,Brooklyn,Malcolm X Blvd bet Marion & Chauncey Sts,303,-73.92857127,40.68051375,Saturday,8am-3pm,,Yes,No,No
2016,Marcy Plaza Community Farmers' Market,Brooklyn,Fulton St & Marcy Ave,303,-73.9459251,40.68013369,Wednesday,11am-6pm,,Yes,No,Yes
2016,McGolrick Park's Down to Earth Farmers' Market,Brooklyn,"Russel St & Nassau Ave, center of park",301,-73.94449844,40.72562454,Sunday,10am-4pm,,Yes,No,No
2016,Morningside Park's Down to Earth Farmers' Market,Manhattan,110th St & Manhattan Ave,107,-73.95964893,40.80116343,Saturday,9am-5pm,,Yes,No,No
2016,Mott Haven Farmers' Market,Bronx,"139th St & St. Ann's Ave, at Padre Plaza Success Garden",201,-73.91701657,40.80751388,Tuesday,10am- 4pm,,Yes,No,No
2016,Mount Sinai Hospital Greenmarket,Manhattan,99th St & Madison Ave,111,-73.95274419,40.78917731,Wednesday,8am-5pm,,Yes,No,No
2016,New York Botanical Gardens Greenmarket,Bronx,Southern Blvd bet Mosholu Pkwy & Bedford Park Blvd,207,-73.87909687,40.86804793,Wednesday,9am-3pm,,Yes,No,No
2016,Norwood Youthmarket,Bronx,E Gun Hill Rd & Dekalb Ave,207,-73.88045976,40.88222844,Thursday,12pm-7pm,,Yes,No,No
2016,Park Slope's Down to Earth Farmers' Market,Brooklyn,5th Ave & 4th St,306,-73.98378638,40.67220165,Wednesday & Sunday,"Wednesday: 3-7pm
Sunday: 10am-5pm",,Yes,Yes,No
2016,Parkchester Greenmarket,Bronx,Westchester Ave & White Plains Rd,209,-73.86254119,40.83305633,Friday,8am-4pm,,Yes,No,Yes
2016,Parkside Plaza Greenmarket,Brooklyn,Parkside & Ocean Aves,314,-73.96188178,40.65489064,Sunday,8am-4pm,,Yes,No,Yes
2016,Pitkin Verde Farmers' Market,Brooklyn,2094 Pitkin Ave at Pennsylvania Ave,305,-73.89524914,40.67198493,Tuesday,9am-5pm,,Yes,No,No
2016,Poe Park Greenmarket,Bronx,192nd St bet Grand Concourse & Valentine Ave,207,-73.89579595,40.86422438,Tuesday,8am-3pm,,Yes,No,Yes
2016,Pomonok Community-Run Farmers' Market,Queens,67-09 Kissena Blvd,408,-73.81466206,40.73504052,Wednesday,9am-6pm,,Yes,No,No
2016,Project EATS Brooklyn Museum Farm Market,Brooklyn,200 Eastern Parkway,303,-73.96337171,40.67190876,Thursday,10am-4pm,,Yes,No,No
2016,Project EATS Frederick Douglas Houses Farmers' Market,Manhattan,100th St bet Amsterdam and Columbus Aves,107,-73.96798349,40.79735361,Saturday,10am-4pm,,Yes,No,No
2016,Project EATS Marcus Garvey Village Farm Market,Brooklyn,300 Chester St at Dumont Ave,316,-73.91038554,40.66448525,Tuesday,10am-4pm,,Yes,No,No
2016,Project EATS Montefiore Farmstand,Bronx,3011 Boston Rd,212,-73.8572479,40.86976859,Wednesday,2pm-6pm,,Yes,No,No
2016,Project Harmony People's Market,Manhattan,122nd St bet 7th and 8th Aves,110,-73.95258616,40.80824762,Thursday,1pm-7pm,,Yes,No,No
2016,PS 11 Farm Market,Manhattan,21st St bet 8th and 9th Aves,104,-74.00226784,40.74521622,Wednesday,8am-10am,,Yes,No,No
2016,PS 7 Farm Stand,Manhattan,"119th St & Lexington Ave, in schoolyard",111,-73.94020642,40.80056486,Wednesday,2:15pm-3:30pm,,Yes,No,No
2016,Queens Botanical Garden's Down to Earth Farmers' Market,Queens,Dahlia Ave at Main St,407,-73.82636341,40.75186765,Friday,8:30am-4pm,,Yes,No,No
2016,Queens Hospital Center Farmers' Market,Queens,"82-68 164th St, in front of Ambulatory Care Pavilion",408,-73.8036028,40.71723366,Thursday,8am-5pm,,Yes,No,No
2016,Queens Hospital Center Farmers' Market II,Queens,"114-02 Guy R Brewer Blvd., Jamaica",412,-73.78567342,40.68876005,Thursday,8am-4pm,,Yes,No,No
2016,Red Hook Farmers' Market,Brooklyn,580 Columbia St,306,-74.01100736,40.6722352,Saturday,8am-3pm,,Yes,No,No
2016,Ridgewood Youthmarket,Queens,Cypress Ave bet Myrtle & Putnam Aves,405,-73.90661902,40.70037567,Saturday,8am-4pm,,Yes,No,No
2016,Riverdale Y Sunday Farmers' Market,Bronx,"MS/HS 141, Independence Ave bet 236th & 237th Sts",208,-73.91310735,40.8883234,Sunday,9am-2pm,,No,No,No
2016,Riverdale Youthmarket - ends in October,Bronx,256th St & Mosholu Ave,208,-73.90311352,40.90387505,Thursday,2pm-7pm,,Yes,No,No
2016,Rockaway Beach Youthmarket,Queens,Beach 58th St & Beach Channel Dr,414,-73.78807882,40.59450005,Saturday,9am-3pm,,Yes,No,No
2016,Rockefeller Center Greenmarket,Manhattan,Rockefeller Plaza at 50th St,105,-73.97845183,40.75907246,"Wednesday, Thursday & Friday",8am-5pm,,No,No,No
2016,Saratoga Youth Market,Brooklyn,Saratoga Ave & Fulton St,303,-73.91630091,40.67858414,Saturday,10am-2pm,,Yes,No,No
2016,Skyline Youth Farmers' Market,Staten Island,Clyde Pl bet Prospect & Harvard Aves,501,-74.08953,40.639903,Saturday,9am-12pm,,No,No,No
2016,Snug Harbor Farmers' Market,Staten Island,1000 Richmond Terrace,501,-74.101258,40.642627,Friday,3pm-5pm,,No,No,No
2016,Socrates Sculpture Park Greenmarket,Queens,"Vernon Blvd & Broadway, inside park",402,-73.93618537,40.7677,Saturday,8am-4pm,,Yes,No,No
2016,SoHA Square Farmers' Market,Manhattan,117th St & St Nicholas Ave,110,-73.95481703,40.80520462,Saturday & Sunday,9am-4pm,,Yes,No,No
2016,South Bronx Farmers' Market,Bronx,138th St bet Willis & Alexander Aves,208,-73.92514495,40.81006105,Saturday,10am-4pm,,Yes,No,Yes
2016,St. George Greenmarket,Staten Island,St. Marks Pl & Hyatt St,501,-74.077292,40.641607,Saturday,8am-2pm,,Yes,Yes,No
2016,St. Mark's Church Greenmarket,Manhattan,10th St & 2nd Ave,103,-73.98681036,40.72978449,Tuesday,8am-6pm,,Yes,No,No
2016,Staten Island Ferry Whitehall Terminal Greenmarket,Manhattan,"4 South St, inside terminal",101,-74.01186697,40.70164259,Tuesday & Friday,8am-7pm,,Yes,Yes,No
2016,Staten Island Mall Greenmarket,Staten Island,Marsh Ave & Ring Rd,502,-74.159757,40.583867,Saturday,8am-3pm,,Yes,No,No
2016,Stuyvesant Town Greenmarket,Manhattan,14th St Loop bet 1st Ave & Ave A,103,-73.98034091,40.73045054,Sunday,9:30am-4pm,,Yes,No,No
2016,Sugar Hill Greenmarket,Manhattan,155th St & St Nicholas Ave,109,-73.94136802,40.83090012,Saturday,8am-4pm,,Yes,No,Yes
2016,Sunnyside Greenmarket,Queens,Skillman Ave bet 42nd & 43rd Sts,402,-73.92079851,40.74689899,Saturday,8am-3pm,,Yes,Yes,No
2016,Sunset Park Greenmarket,Brooklyn,4th Ave bet 59th & 60th Sts,307,-74.01843209,40.64084493,Saturday,8am-3pm,,Yes,No,Yes
2016,Taqwa Community Farmers' Market,Bronx,90 West 164th St bet Ogden & Nelson Aves Ogden Aves,204,-73.92938696,40.83292449,Saturday,9am-4pm,,Yes,No,No
2016,Tompkins Square Greenmarket,Manhattan,7th St & Ave A,103,-73.98353516,40.72606217,Sunday,9am-6pm,,Yes,Yes,No
2016,Tribeca Greenmarket,Manhattan,Greenwich & Chambers Sts,101,-74.01096775,40.7163107,Wednesday & Saturday,8am-3pm,,Yes,Yes,No
2016,Tucker Square Greenmarket,Manhattan,66th St & Columbus Ave,107,-73.98157377,40.77360915,Thursday & Saturday,8am-5pm,,Yes,Yes,No
2016,Union Square Greenmarket,Manhattan,17th St & Broadway,105,-73.99033077,40.73714078,"Monday, Wednesday, Friday & Saturday",8am-6pm,,Yes,Yes,No
2016,Urban Oasis Farmers' Market,Brooklyn,Clarkson & Troy Aves,309,-73.93668483,40.65624918,Wednesday,2pm-5:30pm,,Yes,No,No
2016,Water Street Greenmarket,Manhattan,Water Street & Coenties Slip,101,-74.01034887,40.70327588,Thursday,8am-6pm,,Yes,No,No
2016,Williamsburg Greenmarket,Brooklyn,Taylor St & Lee Ave,301,-73.96136506,40.70700548,Thursday,8am-4pm,,Yes,No,Yes
2015,125th Street FreshConnect Farmers' Market,Manhattan,"State Office Building, 163 W 125th St & Adam Clayton Powell Blvd",,,,,,,,,
2015,175th Street Greenmarket,Manhattan,175th St bet Wadsworth & St Nicholas Aves,,,,,,,,,
2015,57th Street Greenmarket,Manhattan,W 57th St & 9th Ave,,,,,,,,,
2015,79th Street Greenmarket,Manhattan,Columbus Ave bet W 77th & 81st Sts,,,,,,,,,
2015,82nd Street Greenmarket,Manhattan,82nd St bet 1st and York Aves,,,,,,,,,
2015,92nd Street Greenmarket,Manhattan,1st Ave bet 92nd & 93rd Sts,,,,,,,,,
2015,97th Street Greenmarket,Manhattan,W 97th St bet Columbus & Amsterdam Aves,,,,,,,,,
2015,Abingdon Square Greenmarket,Manhattan,W 12th St & 8th Ave,,,,,,,,,
2015,Albee Square Farmers' Market,Brooklyn,Fulton & Bond Sts,,,,,,,,,
2015,Astoria Greenmarket,Queens,14th St bet 31st Ave & 31st Rd,,,,,,,,,
2015,Bartel-Pritchard Square Greenmarket,Brooklyn,Prospect Park W at 15th St,,,,,,,,,
2015,Bay Ridge Greenmarket,Brooklyn,3rd Ave & 95th St,,,,,,,,,
2015,Bensonhurst Greenmarket,Brooklyn,18th Ave bet 81st & 82nd Sts,,,,,,,,,
2015,Bissel Gardens Farmers' Market,Bronx,Intersection of Baychester Ave & E 241st St,,,,,,,,,
2015,Boro Park Greenmarket,Brooklyn,14th Ave bet 49th & 50th Sts,,,,,,,,,
2015,Bowling Green Greenmarket,Manhattan,Broadway & Battery Pl,,,,,,,,,
2015,Broadway French Market,Manhattan,Broadway bet 35th & 36th Sts,,,,,,,,,
2015,Bronx Borough Hall Greenmarket,Bronx,Grand Concourse bet 161st & 162nd Sts,,,,,,,,,
2015,Brooklyn Borough Hall Greenmarket,Brooklyn,Court & Montague Sts,,,,,,,,,
2015,Brownsville Pitkin Avenue Youthmarket,Brooklyn,Thomas Boyland St bet Pitkin & Sutter Aves,,,,,,,,,
2015,Brownsville Rockaway Youthmarket,Brooklyn,Rockaway Ave bet Livonia & Dumont Aves,,,,,,,,,
2015,BSCAH Edgemere Farm Market,Queens,Beach Channel Dr & Beach 45th St,,,,,,,,,
2015,Bushwick Farmers' Market at Maria Hernandez Park,Brooklyn,Knickerbocker Ave & Starr St,,,,,,,,,
2015,Bushwick Farmers' Market on Broadway,Brooklyn,Halsey St & Broadway,,,,,,,,,
2015,Carroll Gardens Greenmarket,Brooklyn,Carroll St bet Court & Smith Sts,,,,,,,,,
2015,Chelsea's Down to Earth Farmers' Market,Manhattan,23rd Street between 8th and 9th Aves,,,,,,,,,
2015,Chenchita's Community Garden,Manhattan,Madison Ave & 112th St,,,,,,,,,
2015,City Hall Greenmarket,Manhattan,Broadway & Chambers St,,,,,,,,,
2015,CK Farm Rockaway,Queens,444 Beach 58th St & Beach Channel Dr,,,,,,,,,
2015,Columbia University Greenmarket,Manhattan,Broadway bet 114th & 116th Sts,,,,,,,,,
2015,Coney Island Farmers' Market,Brooklyn,"Surf Ave & W 16th St, at MCU Park",,,,,,,,,
2015,Corona Greenmarket,Queens,Roosevelt Ave & 103rd St,,,,,,,,,
2015,Cortelyou Greenmarket,Brooklyn,Cortelyou Rd bet Argyle & Rugby Rds,,,,,,,,,
2015,Culinary Kids Farmers' Market,Queens,30-15 Seagirt Blvd,,,,,,,,,
2015,Cypress Hills Youthmarket,Brooklyn,Fulton St bet Richmond & Logan Sts,,,,,,,,,
2015,Dag Hammarskjold Plaza Greenmarket,Manhattan,47th St & 2nd Ave,,,,,,,,,
2015,East New York Farm Stand,Brooklyn,New Lots Ave bet Alabama & Georgia Aves,,,,,,,,,
2015,East New York Farmers' Market,Brooklyn,Schenck Ave bet New Lots & Livonia Aves,,,,,,,,,
2015,El Barrio Youth Marqueta,Manhattan,116th St at Park Ave,,,,,,,,,
2015,Elmhurst Hospital Greenmarket,Queens,41st Ave bet 80th & 81st Sts,,,,,,,,,
2015,Flatbush Junction Youthmarket,Brooklyn,1599 Flatbush Ave at Ave H,,,,,,,,,
2015,Forest Hills Greenmarket,Queens,Queens Blvd & 70th Ave,,,,,,,,,
2015,Fort Greene Park Greenmarket,Brooklyn,Washington Park bet DeKalb & Willoughby Aves,,,,,,,,,
2015,Fort Washington Greenmarket,Manhattan,168th St & Ft. Washington Ave,,,,,,,,,
2015,Friends of Van Cortlandt Park Amalgamated Housing Youth Farmstand,Bronx,"The Train Park, Orloff Ave & Gale Pl",,,,,,,,,
2015,Gouverneur Hospital Youthmarket,Manhattan,Madison St bet Clinton & Jefferson Sts,,,,,,,,,
2015,Graham Avenue Farmers' Market,Brooklyn,Cook St at Graham Ave,,,,,,,,,
2015,Grand Army Plaza Greenmarket,Brooklyn,Prospect Park W & Flatbush Ave,,,,,,,,,
2015,Grass Roots Farmers' Market,Manhattan,"W 145th St bet Edgecombe & Bradhurst Aves, at Jackie Robinson Park",,,,,,,,,
2015,Greenpoint McCarren Park Greenmarket,Brooklyn,Union Ave bet Driggs Ave & N 12th St,,,,,,,,,
2015,Hamilton Heights Green Youthmarket,Manhattan,Amsterdam between 143rd and 144th Sts at Johnny Hartman Plaza,,,,,,,,,
2015,Harvest Home Cityline Farmers' Market,Brooklyn,Drew St & Liberty Ave,,,,,,,,,
2015,Harvest Home Coney Island Hospital Farmers' Market,Brooklyn,Ocean Pkwy bet Ave Z & Shore Pkwy,,,,,,,,,
2015,Harvest Home Co-op City Farmers' Market,Bronx,Asch Loop & Aldrich St.,,,,,,,,,
2015,Harvest Home East Harlem Farmers' Market,Manhattan,104th St & 3rd Ave,,,,,,,,,
2015,Harvest Home Harlem Hospital Farmers' Market,Manhattan,506 Lenox Ave between W 135th and W 137th Sts,,,,,,,,,
2015,Harvest Home Jacobi Hospital Farmers' Market,Bronx,1400 Pelham Pkwy at Eastchester Rd,,,,,,,,,
2015,Harvest Home Kings County Hospital Farmers' Market,Brooklyn,Clarkson Ave bet E 37th and E 38th Sts,,,,,,,,,
2015,Harvest Home Lenox Ave Market,Manhattan,Lenox Ave bet 117th & 118th Sts,,,,,,,,,
2015,Harvest Home Marcy Park Farmers' Market,Brooklyn,Marcy Park at Myrtle Ave & Marcy Ave,,,,,,,,,
2015,Harvest Home Metropolitan Market,Manhattan,99th St & 3rd Ave,,,,,,,,,
2015,Harvest Home Mt. Eden Farmers' Market,Bronx,"Mt. Eden & Morris Aves, at Claremont Park",,,,,,,,,
2015,Harvest Home North Central Bronx Farmers' Market,Bronx,Mosholu Pkwy & Jerome Ave,,,,,,,,,
2015,Harvest Home Soundview Farmers' Market,Bronx,Morrison Ave & Harrod Pl,,,,,,,,,
2015,Harvest Home St. Mary's Park Market,Bronx,St. Mary's Park at 149th St & St. Ann's Ave,,,,,,,,,
2015,Harvest Home Sunday Farmers' Market,Bronx,"Bronx Museum, E 165th St & Grand Concourse",,,,,,,,,
2015,Harvest Home West Harlem Farmers' Market,Manhattan,137th St & Broadway,,,,,,,,,
2015,Harvest Home/Urban Health Plan Farmers' Market,Bronx,Monsignor Del Valle Park bet E 163rd St & Hunts Point Ave,,,,,,,,,
2015,Hattie Carthan After Church Farmers' Market,Brooklyn,49 Van Buren St bet Tompkins & Throop Aves,,,,,,,,,
2015,Hattie Carthan Community Farmers' Market,Brooklyn,Marcy Ave & Clifton Pl,,,,,,,,,
2015,High School for Public Service Youth Farmers' Market,Brooklyn,600 Kingston Ave bet Rutland Rd & Winthrop St,,,,,,,,,
2015,Hostos Community College Greenmarket,Bronx,149th St & Grand Concourse,,,,,,,,,
2015,Inwood Park Greenmarket,Manhattan,Isham St bet Seaman Ave & Cooper St,,,,,,,,,
2015,Isabahlia Farm Stand,Brooklyn,Rockaway & Sutter Aves,,,,,,,,,
2015,Isabahlia Farmers' Market,Brooklyn,Livonia Ave bet Powell & Junius Sts,,,,,,,,,
2015,Jackson Heights Greenmarket,Queens,34th Ave at 78th St (Location slightly changed),,,,,,,,,
2015,Jacob Riis Neighborhood Settlement Youthmarket,Queens,1025 41st Ave,,,,,,,,,
2015,Jamaica's Down to Earth Farmers' Market,Queens,160th St off Jamaica Ave,,,,,,,,,
2015,Kensington Youthmarket,Brooklyn,Ft. Hamilton Pkwy bet E 4th & E 5th Sts,,,,,,,,,
2015,Kingsbridge-Riverdale Farmers' Market,Bronx,W 231st St at Kingsbridge Ave,,,,,,,,,
2015,La Familia Verde Farmers' Market,Bronx,Tremont Park on E Tremont Ave bet LaFontaine & Arthur Aves,,,,,,,,,
2015,"Learn It, Grow It, Eat It Youthmarket",Bronx,McKinley Sq at 169th St & Boston Rd,,,,,,,,,
2015,Lincoln Hospital Greenmarket,Bronx,149th St bet Park & Morris Aves,,,,,,,,,
2015,Long Island City Youthmarket,Queens,"Hunts Point South Park, Center Blvd bet 50th & 54th Aves",,,,,,,,,
2015,Lower East Side Youthmarket,Manhattan,Grand Ave bet Pitt St & Abraham Pl,,,,,,,,,
2015,Malcolm X Blvd Farmers' Market,Brooklyn,Malcolm X Blvd bet Marion & Chauncey Sts,,,,,,,,,
2015,Marble Hill Youthmarket,Bronx,225th St bet Broadway & Exterior St,,,,,,,,,
2015,Marcus Garvey Park HERBan Farmers' Market,Manhattan,"Marcus Garvey Park, 124th St and 5th Ave",,,,,,,,,
2015,Marcy Plaza Community Farmers' Market,Brooklyn,"Restoration Plaza, 1368 Fulton St",,,,,,,,,
2015,McGolrick Park's Down to Earth Farmers' Market,Brooklyn,"Russel St & Nassau Ave, center of McGolrick Park in front of Shelter Pavillion",,,,,,,,,
2015,Morningside Park's Down to Earth Farmers' Market,Manhattan,W 110th St & Manhattan Ave,,,,,,,,,
2015,Mott Haven Farmers' Market,Bronx,"139th St & St. Ann's Ave, at Padre Plaza Success Garden",,,,,,,,,
2015,Mt. Sinai Hospital Greenmarket,Manhattan,99th St bet Madison & Park Aves,,,,,,,,,
2015,New York Botanical Gardens Greenmarket,Bronx,"Kazimiroff Blvd bet Bedford Park & Mosholu, inside gate",,,,,,,,,
2015,Norwood Youthmarket,Bronx,E Gun Hill Rd & Dekalb Ave,,,,,,,,,
2015,Park Slope's Down to Earth Farmers' Market,Brooklyn,5th Ave & 4th St,,,,,,,,,
2015,Parkchester Greenmarket,Bronx,Westchester Ave & White Plains Rd,,,,,,,,,
2015,Parkside Greenmarket,Brooklyn,Parkside Ave at Ocean Ave,,,,,,,,,
2015,Pitkin Verde Farmers' Market,Brooklyn,"East New York Diagnostic and Treatment Center, 2094 Pitkin Ave at Pennsylvania Ave",,,,,,,,,
2015,Poe Park Greenmarket,Bronx,192nd St bet Grand Concourse & Valentine Ave,,,,,,,,,
2015,Pomonok Community Run Farmers' Market,Queens,"67-09 Kissena Blvd, at QCH Pomonok Center",,,,,,,,,
2015,Project EATS Brooklyn Museum Farm Market,Brooklyn,200 Eastern Parkway,,,,,,,,,
2015,Project EATS Frederick Douglas Houses Farmers' Market,Manhattan,W 100th St between Amsterdam and Columbus Aves (new location),,,,,,,,,
2015,Project EATS Marcus Garvey Village Farm Market,Brooklyn,300 Chester St at Dumont Ave,,,,,,,,,
2015,Project EATS Urbis Farm Market,Bronx,"New York Public Library, 1385 E Gun Hill Rd at Knapp St",,,,,,,,,
2015,Project Harmony People's Market,Manhattan,"JD Wilson Memorial Garden, 122nd St bet Frederick Douglass & Adam Clayton Powell Blvds",,,,,,,,,
2015,PS 11 Farm Market,Manhattan,21st St bet 8th & 9th Aves,,,,,,,,,
2015,PS 7 Farm Stand,Manhattan,119th St bet Lexington & 3rd Aves,,,,,,,,,
2015,Queens Botanical Garden's Down to Earth Farmers' Market,Queens,Dahlia Ave at Main St,,,,,,,,,
2015,Queens Hospital Center Farmers' Market,Queens,"82-68 164th St, in front of Ambulatory Care Pavilion",,,,,,,,,
2015,Queens Hospital Center Farmers' Market II,Queens,"114-02 Guy R Brewer Blvd., Jamaica",,,,,,,,,
2015,Red Hook Farmers' Market,Brooklyn,Red Hook Community Farm at 580 Columbia St,,,,,,,,,
2015,Ridgewood Youthmarket,Queens,Cypress Ave bet Myrtle & Putnam Aves,,,,,,,,,
2015,Riverdale Y Sunday Farmers' Market,Bronx,"PS 141, Independence Ave at W 237th St",,,,,,,,,
2015,Riverdale Youthmarket,Bronx,256th St & Mosholu Ave,,,,,,,,,
2015,Rockaway Beach Youthmarket,Queens,Beach Channel Dr & Beach 58th St,,,,,,,,,
2015,Rockefeller Center Greenmarket,Manhattan,Rockefeller Plaza at 50th St,,,,,,,,,
2015,Saratoga Farm Market,Brooklyn,Saratoga Ave & Fulton St,,,,,,,,,
2015,Snug Harbor Heritage Farm Farmers' Market,Staten Island,1000 Richmond Terrace,,,,,,,,,
2015,Socrates Sculpture Park Greenmarket,Queens,32-01 Vernon Blvd & Broadway,,,,,,,,,
2015,SoHA Square II Farmers' Market,Manhattan,"A. Philip Randolph Square Park Farmers' Market, W 117th St & St Nicholas Ave",,,,,,,,,
2015,South Bronx Farmers' Market,Bronx,138th St bet Alexander & Willis Aves,,,,,,,,,
2015,St. George Greenmarket,Staten Island,"St. Marks Pl at Hyatt St, inside St George Theater parking lot",,,,,,,,,
2015,St. Mark's Church Greenmarket,Manhattan,E 10th St & 2nd Ave,,,,,,,,,
2015,Staten Island Ferry/Whitehall Greenmarket,Manhattan,"4 South St, inside Ferry Terminal Bldg",,,,,,,,,
2015,Staten Island Mall Greenmarket,Staten Island,"Richmond Ave entrance, inside parking lot",,,,,,,,,
2015,Stuyvesant Town Greenmarket,Manhattan,14th St Loop bet 1st Ave & Ave A,,,,,,,,,
2015,Sugar Hill Greenmarket,Manhattan,W 155th St & St Nicholas Ave,,,,,,,,,
2015,Sunnyside Gardens Greenmarket,Queens,Skillman Ave bet 42nd & 43rd Sts,,,,,,,,,
2015,Sunset Park Greenmarket,Brooklyn,4th Ave bet 59th & 60th Sts,,,,,,,,,
2015,Taqwa Community Farmers' Market,Bronx,90 West 164th St bet Ogden & Nelson Aves Ogden Aves,,,,,,,,,
2015,Tompkins Square Greenmarket,Manhattan,E 7th St & Ave A,,,,,,,,,
2015,Tribeca Greenmarket,Manhattan,Greenwich & Chambers Sts,,,,,,,,,
2015,Tucker Square Greenmarket,Manhattan,W 66th St & Columbus Ave,,,,,,,,,
2015,Union Square Greenmarket,Manhattan,Broadway & E 17th St,,,,,,,,,
2015,Urban Oasis Farmers' Market,Brooklyn,Clarkson & Troy Aves,,,,,,,,,
2015,Water Street Greenmarket,Manhattan,Water Street at Coenties Slip,,,,,,,,,
2015,Williamsbridge Square HERBan Farmers' Market,Bronx,"Williamsbridge Square Park on White Plains Road and E. Gun Hill Rd., across the street from the #2,5 Gun Hill Rd train station",,,,,,,,,
2015,Williamsburg Greenmarket,Brooklyn,Roebling St and S. 9th St.,,,,,,,,,
2015,Windsor Terrace - PS 154 Greenmarket,Brooklyn,11th Ave bet Sherman St & Windsor Pl,,,,,,,,,
2014,125th Street FreshConnect Farmers' Market,Manhattan,"State Office Building, 163 W 125th St & Adam Clayton Powell Blvd",,,,,,,,,
2014,57th Street Greenmarket,Manhattan,W 57th St & 9th Ave,,,,,,,,,
2014,79th Street Greenmarket,Manhattan,Columbus Ave bet W 78th & 81st Sts,,,,,,,,,
2014,82nd Street Greenmarket,Manhattan,82nd St bet 1st and York Aves,,,,,,,,,
2014,92nd Street Greenmarket,Manhattan,1st Ave bet 92nd & 93rd Sts,,,,,,,,,
2014,97th Street Greenmarket,Manhattan,W 97th St bet Columbus & Amsterdam Aves,,,,,,,,,
2014,Abingdon Square Greenmarket,Manhattan,W 12th St & 8th Ave,,,,,,,,,
2014,Albany Street Greenmarket,Manhattan,Albany and Greenwich Sts,,,,,,,,,
2014,Albee Square Farmers' Market,Brooklyn,Fulton & Bond Sts,,,,,,,,,
2014,Astoria Greenmarket,Queens,31st Ave at 14th St,,,,,,,,,
2014,Bartel-Pritchard Square Greenmarket,Brooklyn,Prospect Park W at 15th St,,,,,,,,,
2014,Bay Ridge Greenmarket,Brooklyn,3rd Ave & 95th St,,,,,,,,,
2014,Bensonhurst Greenmarket,Brooklyn,18th Ave bet 81st & 82nd Sts,,,,,,,,,
2014,BFM Farm Stand at Bushwick Campus,Brooklyn,Irving & Putnam Aves,,,,,,,,,
2014,BFM Farm Stand at Make the Road,Brooklyn,Grove St & Myrtle Ave,,,,,,,,,
2014,Bissel Gardens Farmers' Market,Bronx,Baychester Ave & E 241st St,,,,,,,,,
2014,Boro Park Greenmarket,Brooklyn,14th Ave bet 49th & 50th Sts,,,,,,,,,
2014,Bowling Green Greenmarket,Manhattan,Broadway & Battery Pl,,,,,,,,,
2014,Broadway French Market,Manhattan,Broadway bet 35th & 36th Sts,,,,,,,,,
2014,Bronx Borough Hall Greenmarket,Bronx,Grand Concourse bet 161st & 162nd Sts,,,,,,,,,
2014,Brooklyn Borough Hall Greenmarket,Brooklyn,Court & Montague Sts,,,,,,,,,
2014,Brownsville Community Farmers' Market,Brooklyn,514 Rockaway Ave at Sutter Ave,,,,,,,,,
2014,Brownsville Pitkin Avenue Youthmarket,Brooklyn,Thomas Boyland St bet Pitkin & Sutter Aves,,,,,,,,,
2014,Brownsville Rockaway Youthmarket,Brooklyn,Rockaway Ave bet Livonia & Dumont Aves,,,,,,,,,
2014,BSCAH Edgemere Farm Market,Queens,Beach Channel Dr & Beach 45th St,,,,,,,,,
2014,Bushwick Farmers' Market I,Brooklyn,Bushwick Ave b/t Boerum & McKibben,,,,,,,,,
2014,Bushwick Farmers' Market II at Maria Hernandez Park,Brooklyn,Knickerbocker Ave & Starr St,,,,,,,,,
2014,Bushwick Farmers' Market III,Brooklyn,Halsey St & Broadway,,,,,,,,,
2014,Carroll Gardens Greenmarket,Brooklyn,Carroll St bet Court & Smith Sts,,,,,,,,,
2014,Chelsea's Down to Earth Farmers' Market,Manhattan,23rd Street between 8th and 9th Aves,,,,,,,,,
2014,City Hall Greenmarket,Manhattan,Broadway & Chambers St,,,,,,,,,
2014,CK Farm Rockaway,Queens,444 Beach 58th St & Beach Channel Dr,,,,,,,,,
2014,Columbia University Greenmarket,Manhattan,Broadway bet 114th & 116th Sts,,,,,,,,,
2014,Coney Island Farmers' Market,Brooklyn,"Surf Ave & W 16th St, at MCU Park",,,,,,,,,
2014,Cooper Park's Down to Earth Farmers' Market,Brooklyn,Maspeth Ave & Olive St,,,,,,,,,
2014,Corona Greenmarket,Queens,Roosevelt Ave & 103rd St,,,,,,,,,
2014,Cortelyou Greenmarket,Brooklyn,Cortelyou Rd bet Argyle & Rugby Rds,,,,,,,,,
2014,Culinary Kids Farmers' Market,Queens,30-15 Seagirt Blvd,,,,,,,,,
2014,Cypress Hills Youthmarket,Brooklyn,Fulton St bet Richmond & Logan Sts,,,,,,,,,
2014,Dag Hammarskjold Plaza Greenmarket,Manhattan,47th St & 2nd Ave,,,,,,,,,
2014,East New York Farm Stand,Brooklyn,New Lots Ave bet Alabama & Georgia Aves,,,,,,,,,
2014,East New York Farmers' Market,Brooklyn,Schenck Ave bet New Lots & Livonia Aves,,,,,,,,,
2014,El Barrio Youth Marqueta,Manhattan,116th St at Park Ave,,,,,,,,,
2014,Elmhurst Hospital Greenmarket,Queens,41st Ave bet 80th & 81st Sts,,,,,,,,,
2014,Flatbush Caton Merchants Mart Farmers' Market,Brooklyn,794-814 Flatbush Ave at Caton Ave,,,,,,,,,
2014,Flatbush Junction Youthmarket,Brooklyn,1599 Flatbush Ave at Ave H,,,,,,,,,
2014,Forest Hills Greenmarket,Queens,Queens Blvd & 70th Ave,,,,,,,,,
2014,Fort Greene Park Greenmarket,Brooklyn,Washington Park bet DeKalb & Willoughby Aves,,,,,,,,,
2014,Fort Washington Greenmarket,Manhattan,168th St & Ft. Washington Ave,,,,,,,,,
2014,Friends of Van Cortlandt Park Amalgamated Housing Youth Farmstand,Bronx,"The Train Park, Orloff Ave & Gale Pl",,,,,,,,,
2014,Graham Avenue Farmers' Market,Brooklyn,Cook St at Graham Ave,,,,,,,,,
2014,Grand Army Plaza Greenmarket,Brooklyn,Prospect Park W & Flatbush Ave,,,,,,,,,
2014,Grass Roots Farmers' Market,Manhattan,"W 145th St bet Edgecombe & Bradhurst Aves, at Jackie Robinson Park",,,,,,,,,
2014,Greenpoint/ McCarren Park Greenmarket,Brooklyn,Union Ave bet Driggs Ave & N 12th St,,,,,,,,,
2014,Hamilton Heights Green Youthmarket,Manhattan,143rd St bet Amsterdam Ave & Hamilton Pl,,,,,,,,,
2014,Harvest Home Cityline Farmers' Market,Brooklyn,Eldert Ln & Liberty Ave,,,,,,,,,
2014,Harvest Home Coney Island Hospital Farmers' Market,Brooklyn,Ocean Pkwy bet Ave Z & Shore Pkwy,,,,,,,,,
2014,Harvest Home Co-op City Farmers' Market,Bronx,Asch Loop & Aldrich St.,,,,,,,,,
2014,Harvest Home East Harlem Farmers' Market,Manhattan,104th St & 3rd Ave,,,,,,,,,
2014,Harvest Home Forest Avenue Farmers' Market,Bronx,Forest Ave bet Westchester Ave & 156th St,,,,,,,,,
2014,Harvest Home Harlem Hospital Farmers' Market,Manhattan,506 Lenox Ave between W 135th and W 137th Sts,,,,,,,,,
2014,Harvest Home Jacobi Farmers' Market,Bronx,1400 Pelham Pkwy at Eastchester Rd,,,,,,,,,
2014,Harvest Home Jerome Avenue Market,Bronx,Mullaly Park bet. River Ave. & McClellan St,,,,,,,,,
2014,Harvest Home Lenox Ave Market,Manhattan,Lenox Ave bet 117th & 118th Sts,,,,,,,,,
2014,Harvest Home Marcy Park Farmers' Market,Brooklyn,Marcy Park at Myrtle Ave & Marcy Ave,,,,,,,,,
2014,Harvest Home Metropolitan Market,Manhattan,99th St & 3rd Ave,,,,,,,,,
2014,Harvest Home Mt. Eden Farmers' Market,Bronx,"Mt. Eden & Morris Aves, at Claremont Park",,,,,,,,,
2014,Harvest Home North Central Bronx Farmers' Market,Bronx,Mosholu Pkwy & Jerome Ave,,,,,,,,,
2014,Harvest Home St. Mary's Park Market,Bronx,St. Mary's Park at 149th St and St. Ann's Ave,,,,,,,,,
2014,Harvest Home West Harlem Farmers' Market,Manhattan,137th St & Broadway,,,,,,,,,
2014,Hattie Carthan After Church Farmers' Market,Brooklyn,49 Van Buren St bet Tompkins & Throop Aves,,,,,,,,,
2014,Hattie Carthan Community Farmers' Market,Brooklyn,Marcy Ave & Clifton Pl,,,,,,,,,
2014,High School for Public Service Youth Farmers' Market,Brooklyn,600 Kingston Ave bet Rutland Rd & Winthrop St,,,,,,,,,
2014,Hunts Point's Down to Earth Farmers' Market,Bronx,Southern & Bruckner Blvds at E 163rd St,,,,,,,,,
2014,Inwood Park Greenmarket,Manhattan,Isham St bet Seaman Ave & Cooper St,,,,,,,,,
2014,Isabahlia Farmers' Market,Brooklyn,Livonia Ave bet Powell & Junius Sts,,,,,,,,,
2014,Jackson Heights Greenmarket,Queens,34th Ave at 78th St (Location slightly changed),,,,,,,,,
2014,Jamaica's Down to Earth Farmers' Market,Queens,160th St off Jamaica Ave,,,,,,,,,
2014,Joseph Addabbo Family Health Center's Farmers' Market,Queens,"6200 Beach Channel Dr, inside parking lot",,,,,,,,,
2014,Kensington Youthmarket,Brooklyn,Ft. Hamilton Pkwy bet E 4th & E 5th Sts,,,,,,,,,
2014,Kingsbridge Heights Youth Market,Bronx,3101 Kingsbridge Terrace,,,,,,,,,
2014,Kingsbridge-Riverdale Farmers' Market,Bronx,W 231st St at Kingsbridge Ave,,,,,,,,,
2014,La Familia Verde Farmers' Market,Bronx,Tremont Park on Tremont Avenue between LaFontaine and Arthur Avenues,,,,,,,,,
2014,"Learn It, Grow It, Eat It Youthmarket",Bronx,"169th St & Boston Rd, at McKinley Park",,,,,,,,,
2014,Lincoln Hospital Greenmarket,Bronx,149th St bet Park & Morris Aves,,,,,,,,,
2014,Long Island City Youthmarket,Queens,Vernon Blvd bet 47th & 48th Aves,,,,,,,,,
2014,Lower East Side Youthmarket,Manhattan,Grand Ave bet Pitt St & Abraham Pl,,,,,,,,,
2014,Malcolm X Blvd Farmers' Market,Brooklyn,Malcolm X Blvd bet Marion & Chauncey Sts,,,,,,,,,
2014,Marble Hill Youthmarket,Bronx,225th St bet Broadway & Exterior St,,,,,,,,,
2014,Marcy Plaza Community Farmers' Market,Brooklyn,"Restoration Plaza, 1368 Fulton St",,,,,,,,,
2014,McGolrick Park's Down to Earth Farmers' Market,Brooklyn,Russel St & Nassau Ave,,,,,,,,,
2014,Morningside Park's Down to Earth Farmers' Market,Manhattan,W 110th St & Manhattan Ave,,,,,,,,,
2014,Mott Haven Farmers' Market,Bronx,"139th St & St. Ann's Ave, at Padre Plaza Success Garden",,,,,,,,,
2014,Mt. Morris Park HERBan Farmers' Market,Manhattan,"Marcus Garvey Park, 124th St and 5th Ave",,,,,,,,,
2014,Mt. Sinai Hospital Greenmarket,Manhattan,99th St bet Madison & Park Aves,,,,,,,,,
2014,New York Botanical Gardens Greenmarket,Bronx,"Kazimiroff Blvd bet Bedford Park & Mosholu, inside gate",,,,,,,,,
2014,Norwood Youthmarket,Bronx,E Gun Hill Rd & Dekalb Ave,,,,,,,,,
2014,NY/NJ Port Authority Greenmarket,Manhattan,"8th Ave & W 42nd St, inside bus terminal",,,,,,,,,
2014,Park Slope's Down to Earth Farmers' Market,Brooklyn,5th Ave & 4th St,,,,,,,,,
2014,Parkchester Greenmarket,Bronx,Westchester Ave & White Plains Rd,,,,,,,,,
2014,Poe Park Greenmarket,Bronx,192nd St bet Grand Concourse & Valentine Ave,,,,,,,,,
2014,Pomonok Community Run Farmers' Market,Queens,"67-09 Kissena Blvd, at QCH Pomonok Center",,,,,,,,,
2014,Project EATS Brownsville Farmers' Market,Brooklyn,"Amboy St & Blake Ave, at Amboy Street Garden",,,,,,,,,
2014,Project EATS Frederick Douglas Houses Farmers' Market,Manhattan,840 Amsterdam Ave (Located on 101st St between Amsterdam and Columbus Aves),,,,,,,,,
2014,PS 11 Farm Market,Manhattan,21st St bet 8th & 9th Aves,,,,,,,,,
2014,Queens Botanical Garden's Down to Earth Farmers' Market,Queens,Dahlia Ave at Main St,,,,,,,,,
2014,Queens Hospital Center Farmers' Market,Queens,"82-68 164th St, in front of Ambulatory Care Pavilion",,,,,,,,,
2014,Red Hook Farmers' Market,Brooklyn,Red Hook Community Farm,,,,,,,,,
2014,Ridgewood Youthmarket,Queens,Cypress Ave bet Myrtle & Putnam Aves,,,,,,,,,
2014,Riverdale Y Sunday Farmers' Market,Bronx,Independence Ave at W 237th St,,,,,,,,,
2014,Riverdale Youthmarket,Bronx,256th St & Mosholu Ave,,,,,,,,,
2014,Rockaway Beach Youthmarket,Queens,Beach 94th St & Shore Front Pkwy,,,,,,,,,
2014,Rockefeller Center Greenmarket,Manhattan,Rockefeller Plaza at 50th St,,,,,,,,,
2014,Saratoga Farm Market,Brooklyn,Saratoga Ave & Fulton St,,,,,,,,,
2014,Seaport Youthmarket,Manhattan,19 Fulton St,,,,,,,,,
2014,Snug Harbor Heritage Farm Farmers' Market,Staten Island,1000 Richmond Terrace at Farm Stand,,,,,,,,,
2014,Socrates Sculpture Park Greenmarket,Queens,Vernon Blvd & Broadway,,,,,,,,,
2014,SoHA Square Farmers' Market,Manhattan,2171 Frederick Douglass Blvd at W 117th St,,,,,,,,,
2014,South Bronx Farmers' Market,Bronx,138th St bet Alexander & Willis Aves,,,,,,,,,
2014,St. George Greenmarket,Staten Island,"St. Marks Pl at Hyatt St, inside St. George Theater parking lot",,,,,,,,,
2014,St. Mark's Church Greenmarket,Manhattan,E 10th St & 2nd Ave,,,,,,,,,
2014,Staten Island Ferry/Whitehall Greenmarket,Manhattan,"4 South St, inside Ferry Terminal Bldg",,,,,,,,,
2014,Staten Island Mall Greenmarket,Staten Island,"Richmond Ave entrance, inside parking lot",,,,,,,,,
2014,Stuyvesant Town Greenmarket,Manhattan,14th St Loop bet 1st Ave & Ave A,,,,,,,,,
2014,Sunnyside Gardens Greenmarket,Queens,Skillman Ave bet 42nd & 43rd Sts,,,,,,,,,
2014,Sunset Park Greenmarket,Brooklyn,4th Ave bet 59th & 60th Sts,,,,,,,,,
2014,Taqwa Community Farmers' Market,Bronx,90 West 164th St bet Ogden & Nelson Aves Ogden Aves,,,,,,,,,
2014,The Heights Community Farmers' Market,Bronx,University Ave & W 181st St,,,,,,,,,
2014,Tompkins Square Greenmarket,Manhattan,E 7th St & Ave A,,,,,,,,,
2014,Tribeca Greenmarket,Manhattan,Greenwich & Chambers Sts,,,,,,,,,
2014,Tucker Square Greenmarket,Manhattan,W 66th St & Columbus Ave,,,,,,,,,
2014,Union Square Greenmarket,Manhattan,W 66th St & Columbus Ave,,,,,,,,,
2014,Urban Oasis Farmers' Market,Brooklyn,Clarkson & Troy Aves,,,,,,,,,
2014,Walt L Shamel Farmers' Market,Brooklyn,"Dean St bet Franklin & Bedford Aves, at Walt L Shamel Garden",,,,,,,,,
2014,Washington Heights 175th Street Greenmarket,Manhattan,175th St bet Broadway & Wadsworth Ave,,,,,,,,,
2014,Water Street Greenmarket,Manhattan,Water Street at Coenties Slip,,,,,,,,,
2014,Weeksville Farmers' Market,Brooklyn,1698 Bergen St bet Buffalo & Rochester Aves,,,,,,,,,
2014,Wholesale Greenmarket,Bronx,1 Oak Point Ave,,,,,,,,,
2014,Williamsbridge Square HERBan Farmers' Market,Bronx,"Williamsbridge Square Park on White Plains Road and E. Gun Hill Rd., across the street from the #2,5 Gun Hill Rd train station",,,,,,,,,
2014,Williamsburg Greenmarket,Brooklyn,Roebling St and S. 9th St.,,,,,,,,,
2014,Windsor Terrace - PS 154 Greenmarket,Brooklyn,11th Ave bet Sherman St & Windsor Pl,,,,,,,,,
2013,125th Street Fresh Connect Farmers' Market,Manhattan,"State Office Building, W 125th St & Adam Clayton Powell Blvd",,,,,,,,,
2013,42nd St Greenmarket,Manhattan,W 42nd St b/t,,,,,,,,,
2013,57th Street Greenmarket,Manhattan,W 57th St & 9th Ave,,,,,,,,,
2013,79th Street Greenmarket,Manhattan,Columbus Ave bet W 78th & 81st Sts,,,,,,,,,
2013,82nd Street Greenmarket,Manhattan,82nd St bet 1st and York Aves,,,,,,,,,
2013,92nd Street Greenmarket,Manhattan,1st Ave bet 92nd & 93rd Sts,,,,,,,,,
2013,97th Street Greenmarket,Manhattan,W 97th St bet Columbus & Amsterdam Aves,,,,,,,,,
2013,Abingdon Square Greenmarket,Manhattan,W 12th St & 8th Ave,,,,,,,,,
2013,Albee Square Farmers' Market,Brooklyn,Fulton & Bond Sts,,,,,,,,,
2013,Astoria Greenmarket,Queens,31st Ave at 14th St,,,,,,,,,
2013,Barclays Center Greenmarket,Brooklyn,Flatbush Ave between Atlantic Ave & Pacific St,,,,,,,,,
2013,Bartel-Pritchard Square Greenmarket,Brooklyn,Prospect Park W at 15th St,,,,,,,,,
2013,Bay Ridge Greenmarket,Brooklyn,3rd Ave & 95th St,,,,,,,,,
2013,Bensonhurst Greenmarket,Brooklyn,18th Ave bet 81st & 82nd Sts,,,,,,,,,
2013,BFM I Satellite,Brooklyn,Grove St & Myrtle Ave,,,,,,,,,
2013,BFM II Satellite at Irving Square Park,Brooklyn,Wilson Ave & Halsey St,,,,,,,,,
2013,BFM III Satellite at Bushwick Campus,Brooklyn,Irving & Putnam Aves,,,,,,,,,
2013,Bissel Gardens Farmers' Market,Bronx,Baychester Ave & E 241st St,,,,,,,,,
2013,Boro Park Greenmarket,Brooklyn,14th Ave bet 49th & 50th Sts,,,,,,,,,
2013,Bowling Green Greenmarket,Manhattan,Broadway & Battery Pl,,,,,,,,,
2013,Broadway French Market,Manhattan,Broadway bet 35th & 36th Sts,,,,,,,,,
2013,Bronx Borough Hall Greenmarket,Bronx,Grand Concourse bet 161st & 162nd Sts,,,,,,,,,
2013,Brooklyn Borough Hall Greenmarket,Brooklyn,Court & Montague Sts,,,,,,,,,
2013,Brooklyn Bridge Down to Earth Farmers' Market,Brooklyn,"Brooklyn Bridge Park, Pier 6",,,,,,,,,
2013,Brownsville Community Farmers' Market,Brooklyn,514 Rockaway Ave at Sutter Ave,,,,,,,,,
2013,Brownsville Pitkin Avenue Youthmarket,Brooklyn,Thomas Boyland St bet Pitkin & Sutter Aves,,,,,,,,,
2013,Brownsville Rockaway Youthmarket,Brooklyn,Rockaway Ave bet Livonia & Dumont Aves,,,,,,,,,
2013,Bushwick Farmers' Market I,Brooklyn,Bushwick Ave b/t Boerum & McKibben,,,,,,,,,
2013,Bushwick Farmers' Market II at Maria Hernandez Park,Brooklyn,Knickerbocker Ave & Starr St,,,,,,,,,
2013,Bushwick Farmers' Market III,Brooklyn,Halsey St & Broadway,,,,,,,,,
2013,Carroll Gardens Greenmarket,Brooklyn,Carroll St bet Court & Smith Sts,,,,,,,,,
2013,City Hall Greenmarket,Manhattan,Broadway & Chambers St,,,,,,,,,
2013,Columbia University Greenmarket,Manhattan,Broadway bet 114th & 116th Sts,,,,,,,,,
2013,Coney Island Farmers' Market,Brooklyn,"Surf Ave & W 16th St, at MCU Park",,,,,,,,,
2013,Cooper Park's Down to Earth Farmers' Market,Brooklyn,Maspeth Ave & Olive St,,,,,,,,,
2013,Corona Greenmarket,Queens,Roosevelt Ave & 103rd St,,,,,,,,,
2013,Cortelyou Greenmarket,Brooklyn,Cortelyou Rd bet Argyle & Rugby Rds,,,,,,,,,
2013,Crown Heights Farmers' Market,Brooklyn,"Albany & Lefferts Aves, at Hamilton Metz Park",,,,,,,,,
2013,Culinary Kids Garden Farmers' Market,Queens,444 Beach 58th St & Beach Channel Dr,,,,,,,,,
2013,Cypress Hills Youthmarket,Brooklyn,Fulton St bet Richmond & Logan Sts,,,,,,,,,
2013,Dag Hammarskjold Plaza Greenmarket,Manhattan,47th St & 2nd Ave,,,,,,,,,
2013,Downtown PATH Greenmarket,Manhattan,W Broadway bet Barclay St & Park Pl,,,,,,,,,
2013,East New York Farm Stand,Brooklyn,New Lots Ave bet Alabama & Georgia Aves,,,,,,,,,
2013,East New York Farmers' Market,Brooklyn,Schenck Ave bet New Lots & Livonia Aves,,,,,,,,,
2013,East Williamsburg Youthmarket,Brooklyn,Grand St & Graham Ave,,,,,,,,,
2013,Elmhurst Hospital Greenmarket,Queens,41st Ave bet 80th & 81st Sts,,,,,,,,,
2013,Flatbush Caton Merchants Mart Farmers' Market,Brooklyn,794-814 Flatbush Ave at Caton Ave,,,,,,,,,
2013,Forest Hills Greenmarket,Queens,Queens Blvd & 70th Ave,,,,,,,,,
2013,Fort Greene Park Greenmarket,Brooklyn,Washington Park bet DeKalb & Willoughby Aves,,,,,,,,,
2013,Fort Washington Greenmarket,Manhattan,168th St & Ft. Washington Ave,,,,,,,,,
2013,Friends of Van Cortlandt Park Amalgamated Housing Youth Farmstand,Bronx,3965 Sedgwick Ave at Saxon Ave,,,,,,,,,
2013,Friends of Van Cortlandt Park Montefiore Hospital Youth Farmstand,Bronx,111 E. 210th St. (back entrance to Montefiore Hospital),,,,,,,,,
2013,Graham Avenue Farmers' Market,Brooklyn,Cook St at Graham Ave,,,,,,,,,
2013,Grand Army Plaza Greenmarket,Brooklyn,Prospect Park W & Flatbush Ave,,,,,,,,,
2013,Grass Roots Farmers' Market,Manhattan,"W 145th St bet Edgecombe & Bradhurst Aves, at Jackie Robinson Park",,,,,,,,,
2013,Greenpoint/ McCarren Park Greenmarket,Brooklyn,Union Ave bet Driggs Ave & N 12th St,,,,,,,,,
2013,Hamilton Heights Youthmarket,Manhattan,143rd St bet Amsterdam Ave & Hamilton Pl,,,,,,,,,
2013,Harvest Home Bronx Terminal Farmers' Market,Bronx,"610 Gateway Center Blvd, at Bronx Terminal Mall",,,,,,,,,
2013,Harvest Home Coney Island Hospital Farmers' Market,Brooklyn,Ocean Pkwy bet Ave Z & Shore Pkwy,,,,,,,,,
2013,Harvest Home Coop City Farmers' Market,Bronx,140 Bellamy Loop,,,,,,,,,
2013,Harvest Home East Harlem Farmers' Market,Manhattan,104th St & 3rd Ave,,,,,,,,,
2013,Harvest Home Echo Park Market,Bronx,Ryer & Burnside Aves,,,,,,,,,
2013,Harvest Home Forest Avenue Farmers' Market,Bronx,Forest Ave bet Westchester Ave & 156th St,,,,,,,,,
2013,Harvest Home Harlem Hospital Farmers' Market,Manhattan,137th St & Lenox Ave,,,,,,,,,
2013,Harvest Home Jacobi Hospital Farmers' Market,Bronx,1400 Pelham Pkwy at Eastchester Rd,,,,,,,,,
2013,Harvest Home Jerome Avenue Market,Bronx,Plaza Dr bet 170th St & Elliot Pl,,,,,,,,,
2013,Harvest Home Lutheran Farmers' Market,Brooklyn,55th St & Lutheran Way,,,,,,,,,
2013,Harvest Home Metropolitan Market,Manhattan,99th St & 3rd Ave,,,,,,,,,
2013,Harvest Home Mt. Eden Farmers' Market,Bronx,"Mt. Eden & Morris Aves, at Claremont Park",,,,,,,,,
2013,Harvest Home North Central Bronx Farmers' Market,Bronx,Mosholu Pkwy & Jerome Ave,,,,,,,,,
2013,Harvest Home West Harlem Farmers' Market,Manhattan,137th St & Broadway,,,,,,,,,
2013,Hattie Carthan After Church Farmers' Market,Brooklyn,49 Van Buren St bet Tompkins & Throop Aves,,,,,,,,,
2013,Hattie Carthan Community Farmers' Market,Brooklyn,Marcy Ave & Clifton Pl,,,,,,,,,
2013,Herban Farmers' Market (Mt. Morris),Manhattan,124th St bet 5th & Madison Aves,,,,,,,,,
2013,High School for Public Service Youth Farmers' Market,Brooklyn,600 Kingston Ave bet Rutland Rd & Winthrop St,,,,,,,,,
2013,Hunts Point's Down to Earth Farmers' Market,Bronx,Southern & Bruckner Blvds at E 163rd St,,,,,,,,,
2013,Inwood Park Greenmarket,Manhattan,Isham St bet Seaman Ave & Cooper St,,,,,,,,,
2013,Isabahlia Farmers' Market,Brooklyn,Livonia Ave bet Powell & Junius Sts,,,,,,,,,
2013,Jackson Heights Greenmarket,Queens,34th Ave bet 77th & 78th Sts,,,,,,,,,
2013,Jamaica's Down to Earth Farmers' Market,Queens,160th St off Jamaica Ave,,,,,,,,,
2013,Joseph Addabbo Family Health Center's Farmers' Market,Queens,"6200 Beach Channel Dr, inside parking lot",,,,,,,,,
2013,Kensington Youthmarket,Brooklyn,Ft. Hamilton Pkwy bet E 4th & E 5th Sts,,,,,,,,,
2013,Kingsbridge Heights Youth Market,Bronx,3101 Kingsbridge Terrace,,,,,,,,,
2013,La Familia Verde Farmers' Market,Bronx,E Tremont & LaFontaine Aves,,,,,,,,,
2013,La Finca del Sur/South Bronx Farmers' Market,Bronx,Grand Concourse & 149th St,,,,,,,,,
2013,La Marqueta Farmers' Market,Manhattan,E 115th St & Park Ave,,,,,,,,,
2013,"Learn It, Grow It, Eat It Youthmarket",Bronx,"169th St & Boston Rd, at McKinley Park",,,,,,,,,
2013,Lincoln Hospital Greenmarket,Bronx,149th St bet Park & Morris Aves,,,,,,,,,
2013,Long Island City Youthmarket,Queens,Vernon Blvd bet 47th & 48th Aves,,,,,,,,,
2013,Lower East Side Youthmarket,Manhattan,Grand Ave bet Pitt St & Abraham Pl,,,,,,,,,
2013,Malcolm X Blvd Farmers' Market,Brooklyn,Malcolm X Blvd bet Marion & Chauncey Sts,,,,,,,,,
2013,Marble Hill Youthmarket,Bronx,225th St bet Broadway & Exterior St,,,,,,,,,
2013,McGolrick Park's Down to Earth Farmers' Market,Brooklyn,Russel St & Nassau Ave,,,,,,,,,
2013,Montefiore Youthmarket,Bronx,"232nd St & Carpenter Ave, at Montefiore Hospital",,,,,,,,,
2013,Morningside Park's Down to Earth Farmers' Market,Manhattan,W 110th St & Manhattan Ave,,,,,,,,,
2013,Mott Haven Farmers' Market,Bronx,"139th St & St. Ann's Ave, at Padre Plaza Success Garden",,,,,,,,,
2013,Mt. Sinai Hospital Greenmarket,Manhattan,99th St bet Madison & Park Aves,,,,,,,,,
2013,Myrtle Avenue Farm Stand,Brooklyn,Myrtle & N Portland Aves,,,,,,,,,
2013,New York Botanical Gardens Greenmarket,Bronx,"Kazimiroff Blvd bet Bedford Park & Mosholu, inside gate",,,,,,,,,
2013,NY/NJ Port Authority Greenmarket,Manhattan,"8th Ave & W 42nd St, inside bus terminal",,,,,,,,,
2013,Park Slope's Down to Earth Farmers' Market,Brooklyn,5th Ave & 4th St,,,,,,,,,
2013,Parkchester Greenmarket,Bronx,Westchester Ave & White Plains Rd,,,,,,,,,
2013,Poe Park Greenmarket,Bronx,192nd St bet Grand Concourse & Valentine Ave,,,,,,,,,
2013,Pomonok Farmers' Market,Queens,"67-09 Kissena Blvd, at QCH Pomonok Center",,,,,,,,,
2013,Project EATS Brownsville Farmers' Market,Brooklyn,"Amboy St & Blake Ave, at Amboy Street Garden",,,,,,,,,
2013,Project EATS Frederick Douglas Houses Farmers' Market,Manhattan,830 Amsterdam Ave,,,,,,,,,
2013,PS 11 Farm Market,Manhattan,21st St bet 8th & 9th Aves,,,,,,,,,
2013,Queens Botanical Garden's Down to Earth Farmers' Market,Queens,Dahlia Ave at Main St,,,,,,,,,
2013,Queens Hospital Center Farmers' Market,Queens,"82-68 164th St, in front of Ambulatory Care Pavilion",,,,,,,,,
2013,Restoration Plaza Community Farmers' Market,Brooklyn,"Restoration Plaza, 1368 Fulton St",,,,,,,,,
2013,Ridgewood Youthmarket,Queens,Cypress Ave bet Myrtle & Putnam Aves,,,,,,,,,
2013,Riverdale Y Sunday Farmers' Market,Bronx,Independence Ave at W 237th St,,,,,,,,,
2013,Riverdale Youthmarket,Bronx,256th St & Mosholu Ave,,,,,,,,,
2013,Roberto Clemente Plaza Youthmarket,Bronx,3rd Ave bet 148th & 149th Sts,,,,,,,,,
2013,Rockaway Beach Youthmarket,Queens,Beach 94th St & Shore Front Pkwy,,,,,,,,,
2013,Rockefeller Center Greenmarket,Manhattan,Rockefeller Plaza at 50th St,,,,,,,,,
2013,Seeds in the Middle Farmer Roy's Farmers' Market at Brower Park,Brooklyn,"Brooklyn Ave & Prospect Pl, in Brower Park",,,,,,,,,
2013,Snug Harbor Heritage Farm Farmers' Market,Staten Island,"914 Richmond Terrace, entrance on Snug Harbor Rd",,,,,,,,,
2013,Socrates Sculpture Park Greenmarket,Queens,Vernon Blvd & Broadway,,,,,,,,,
2013,SoHA Square Farmers' Market,Manhattan,2171 Frederick Douglass Blvd at W 117th St,,,,,,,,,
2013,South Village Farmers' Market,Manhattan,6th Ave at Carmine St,,,,,,,,,
2013,St. George Greenmarket,Staten Island,"St. Marks Pl at Hyatt St, inside Borough Hall parking lot",,,,,,,,,
2013,St. Mark's Church Greenmarket,Manhattan,E 10th St & 2nd Ave,,,,,,,,,
2013,Staten Island Ferry/Whitehall Greenmarket,Manhattan,"4 South St, inside Ferry Terminal Bldg",,,,,,,,,
2013,Staten Island Mall Greenmarket,Staten Island,"Richmond Ave entrance, inside parking lot",,,,,,,,,
2013,Stuyvesant Town Greenmarket,Manhattan,14th St Loop & Ave A,,,,,,,,,
2013,Sunnyside Gardens Greenmarket,Queens,Skillman Ave bet 42nd & 43rd Sts,,,,,,,,,
2013,Sunset Park Greenmarket,Brooklyn,4th Ave bet 59th & 60th Sts,,,,,,,,,
2013,Taqwa Community Farmers' Market,Bronx,Ogden Ave & 164th St,,,,,,,,,
2013,The Heights Community Farmers' Market,Bronx,University Ave & W 181st St,,,,,,,,,
2013,Tompkins Square Greenmarket,Manhattan,E 7th St & Ave A,,,,,,,,,
2013,Tribeca Greenmarket,Manhattan,Greenwich & Chambers Sts,,,,,,,,,
2013,Tucker Square Greenmarket,Manhattan,W 66th St & Columbus Ave,,,,,,,,,
2013,Union Square Greenmarket,Manhattan,Broadway & E 17th St,,,,,,,,,
2013,Urban Oasis Farmers' Market,Brooklyn,Clarkson & Troy Aves,,,,,,,,,
2013,Walt L Shamel Farmers' Market,Brooklyn,"Dean St bet Franklin & Bedford Aves, at Walt L Shamel Garden",,,,,,,,,
2013,Washington Heights 175th Street Greenmarket,Manhattan,175th St bet Broadway & Wadsworth Ave,,,,,,,,,
2013,Weeksville Farmers' Market,Brooklyn,Bergen St bet Buffalo & Rochester Aves,,,,,,,,,
2013,Williamsburg Greenmarket,Brooklyn,Havemeyer St bet Broadway & Division Ave,,,,,,,,,
2013,Windsor Terrace - PS 154 Greenmarket,Brooklyn,11th Ave bet Sherman St & Windsor Pl,,,,,,,,,
2012,125th Street Fresh Connect Farmers' Market,Manhattan,"State Office Building, W 125th St & Adam Clayton Powell Blvd",,,,,,,,,
2012,57th Street Greenmarket,Manhattan,W 57th St & 9th Ave,,,,,,,,,
2012,79th Street Greenmarket,Manhattan,Columbus Ave bet W 78th & 81st Sts,,,,,,,,,
2012,82nd Street Greenmarket,Manhattan,82nd St bet 1st and York Aves,,,,,,,,,
2012,92nd Street Greenmarket,Manhattan,1st Ave bet 92nd & 93rd Sts,,,,,,,,,
2012,97th Street Greenmarket,Manhattan,W 97th St bet Columbus & Amsterdam Aves,,,,,,,,,
2012,Abingdon Square Greenmarket,Manhattan,W 12th St & 8th Ave,,,,,,,,,
2012,Astoria Greenmarket,Queens,31st Ave at 14th St,,,,,,,,,
2012,Atlas Park Greenmarket,Queens,Cooper Ave & 80th St,,,,,,,,,
2012,Bartel-Pritchard Square Greenmarket,Brooklyn,Prospect Park W at 15th St,,,,,,,,,
2012,Bay Ridge Greenmarket,Brooklyn,3rd Ave & 95th St,,,,,,,,,
2012,Bensonhurst Greenmarket,Brooklyn,18th Ave bet 81st & 82nd Sts,,,,,,,,,
2012,BFM II Satellite at Irving Square Park,Brooklyn,Wilson Ave & Halsey St,,,,,,,,,
2012,BFM III Satellite at Bushwick Campus,Brooklyn,Irving & Putnam Aves,,,,,,,,,
2012,Bissel Gardens Farmers' Market,Bronx,Baychester Ave & E 241st St,,,,,,,,,
2012,Boro Park Greenmarket,Brooklyn,14th Ave bet 49th & 50th Sts,,,,,,,,,
2012,Bowling Green Greenmarket,Manhattan,Broadway & Battery Pl,,,,,,,,,
2012,Bronx Borough Hall Greenmarket,Bronx,Grand Concourse bet 161st & 162nd Sts,,,,,,,,,
2012,Brooklyn Borough Hall Greenmarket,Brooklyn,Court & Montague Sts,,,,,,,,,
2012,Brownsville Community Farmers' Market,Brooklyn,514 Rockaway Ave at Sutter Ave,,,,,,,,,
2012,Brownsville Pitkin Avenue Youthmarket,Brooklyn,Thomas Boyland St bet Pitkin & Sutter Aves,,,,,,,,,
2012,Brownsville Recreational Center Youthmarket,Brooklyn,"Linden Blvd bet Stone & Hegeman Aves, on access road by ball field fence",,,,,,,,,
2012,Brownsville Rockaway Youthmarket,Brooklyn,Rockaway & Livonia Aves,,,,,,,,,
2012,Bushwick Farmers' Market I,Brooklyn,Linden St & Broadway,,,,,,,,,
2012,Bushwick Farmers' Market II at Maria Hernandez Park,Brooklyn,Knickerbocker Ave & Starr St,,,,,,,,,
2012,Bushwick Farmers' Market III,Brooklyn,Halsey St & Broadway,,,,,,,,,
2012,Carroll Gardens Greenmarket,Brooklyn,Carroll St bet Court & Smith Sts,,,,,,,,,
2012,City Hall Greenmarket,Manhattan,Broadway & Chambers St,,,,,,,,,
2012,Columbia University Greenmarket,Manhattan,Broadway bet 114th & 116th Sts,,,,,,,,,
2012,Coney Island Farmers' Market,Brooklyn,"Surf Ave & W 16th St, at MCU Park",,,,,,,,,
2012,Cooper Park Farmers' Market,Brooklyn,"Maspeth Ave & Olive St, at Cooper Park",,,,,,,,,
2012,Corona Greenmarket,Queens,Roosevelt Ave & 103rd St,,,,,,,,,
2012,Cortelyou Greenmarket,Brooklyn,Cortelyou Rd bet Argyle & Rugby Rds,,,,,,,,,
2012,Crotona Park Greenmarket,Bronx,"Crotona Park South & Clinton Ave, in Crotona Park",,,,,,,,,
2012,Crown Heights Farmers' Market (Seeds in the Middle),Brooklyn,"Albany & Lefferts Aves, at Hamilton Metz Park",,,,,,,,,
2012,Culinary Kids Garden Farmers' Market I,Queens,Seagirt Blvd & Beach 31st St,,,,,,,,,
2012,Culinary Kids Garden Farmers' Market II,Queens,Central Ave at Beach 20th St,,,,,,,,,
2012,Cypress Hills Youthmarket,Brooklyn,Fulton St bet Richmond & Logan Sts,,,,,,,,,
2012,Dag Hammarskjold Plaza Greenmarket,Manhattan,47th St & 2nd Ave,,,,,,,,,
2012,Douglaston Greenmarket,Queens,"235th St & 41st Ave, at the LIRR Station",,,,,,,,,
2012,Downton PATH Greenmarket,Manhattan,W Broadway bet Barclay St & Park Pl,,,,,,,,,
2012,East New York Farm Stand,Brooklyn,New Lots Ave bet Alabama & Georgia Aves,,,,,,,,,
2012,East New York Farmers' Market,Brooklyn,Schenck Ave bet New Lots & Livonia Aves,,,,,,,,,
2012,Elmhurst Hospital Greenmarket,Queens,41st Ave bet 80th & 81st Sts,,,,,,,,,
2012,Flatbush Caton Merchants Mart Farmers' Market,Brooklyn,794-814 Flatbush Ave at Caton Ave,,,,,,,,,
2012,Forest Hills Greenmarket,Queens,Queens Blvd & 70th Ave,,,,,,,,,
2012,Fort Greene Park Greenmarket,Brooklyn,Washington Park bet DeKalb & Willoughby Aves,,,,,,,,,
2012,Fort Washington Greenmarket,Manhattan,168th St & Ft. Washington Ave,,,,,,,,,
2012,Graham Avenue Farmers' Market,Brooklyn,Cook St at Graham Ave,,,,,,,,,
2012,Grand Army Plaza Greenmarket,Brooklyn,Prospect Park W & Flatbush Ave,,,,,,,,,
2012,Grass Roots Farmers' Market,Manhattan,"W 145th St bet Edgecomb & Bradhurst Aves, at Jackie Robinson Park",,,,,,,,,
2012,Greenpoint/ McCarren Park Greenmarket,Brooklyn,Union Ave bet Driggs Ave & N 12th St,,,,,,,,,
2012,Harvest Home Coney Island Hospital Farmers Market,Brooklyn,Ocean Pkwy bet Ave Z & Shore Pkwy,,,,,,,,,
2012,Harvest Home Co-op City Farmers' Market,Bronx,140 Bellamy Loop,,,,,,,,,
2012,Harvest Home East Harlem Farmers' Market,Manhattan,104th St & 3rd Ave,,,,,,,,,
2012,Harvest Home Echo Park Market,Bronx,Ryer & Burnside Aves,,,,,,,,,
2012,Harvest Home Forest Avenue Farmers' Market,Bronx,Forest Ave bet Westchester Ave & 156th St,,,,,,,,,
2012,Harvest Home Jacobi Hospital Farmers' Market,Bronx,1400 Pelham Pkwy at Eastchester Rd,,,,,,,,,
2012,Harvest Home Jerome Avenue Market,Bronx,Plaza Dr bet 170th St & Elliot Pl,,,,,,,,,
2012,Harvest Home Lutheran Hospital Farmers Market,Brooklyn,"55th St off 2nd Ave, inside gate",,,,,,,,,
2012,Harvest Home Metropolitan Market,Manhattan,99th St & 3rd Ave,,,,,,,,,
2012,Harvest Home Mt. Eden Farmers' Market,Bronx,"Mt. Eden & Morris Aves, at Claremont Park",,,,,,,,,
2012,Harvest Home Mt. Morris Park Market,Manhattan,"Lenox Ave bet 120th & 121st Sts, Marcus Garvey Park",,,,,,,,,
2012,Harvest Home Murray Hill Farmers' Market,Manhattan,1st Ave bet 26th & 27th Sts,,,,,,,,,
2012,Harvest Home North Central Bronx Farmers' Market,Bronx,Mosholu Pkwy & Jerome Ave,,,,,,,,,
2012,Harvest Home Roy Wilkins Park Farmers Market,Queens,Merrick Blvd bet 221st & 222nd Sts,,,,,,,,,
2012,Harvest Home Sunday Farmers' Market,Bronx,"Bronx Museum, Grand Concourse & 165th St",,,,,,,,,
2012,Harvest Home Throgs Neck Market,Bronx,Schley Ave bet E 177th St & Balcom Ave,,,,,,,,,
2012,Harvest Home West Harlem Farmers' Market,Manhattan,137th St & Broadway,,,,,,,,,
2012,Hattie Carthan After Church Farmers' Market,Brooklyn,49 Van Buren St bet Tompkins & Throop Aves,,,,,,,,,
2012,Hattie Carthan Community Farmers' Market,Brooklyn,Marcy Ave & Clifton Pl,,,,,,,,,
2012,High School for Public Service Youth Farmers' Market,Brooklyn,600 Kingston Ave bet Rutland Rd & Winthrop St,,,,,,,,,
2012,Hunts Point Farmers' Market,Bronx,Southern & Bruckner Blvds at E 163rd St,,,,,,,,,
2012,Inwood Church Farmers' Market,Manhattan,Dyckman St bet Post & Sherman Aves,,,,,,,,,
2012,Inwood Go Green Farmers' Market,Bronx,"242nd St & Broadway, at Van Cortlandt Park",,,,,,,,,
2012,Inwood Park Greenmarket,Manhattan,Isham St bet Seaman Ave & Cooper St,,,,,,,,,
2012,Isabahlia Farmers' Market,Brooklyn,Livonia Ave bet Powell & Junius Sts,,,,,,,,,
2012,Jackson Heights Greenmarket,Queens,34th Ave bet 77th & 78th Sts,,,,,,,,,
2012,Jamaica Farmers Market,Queens,"90-40 160th St, off Jamaica Ave",,,,,,,,,
2012,Joseph Addabbo Family Health Center's Farmers' Market,Queens,"6200 Beach Channel Dr, inside parking lot",,,,,,,,,
2012,Kensington Youthmarket,Brooklyn,Ft. Hamilton Pkwy bet E 4th & E 5th Sts,,,,,,,,,
2012,La Familia Verde Farmers' Market,Bronx,E Tremont & LaFontaine Aves,,,,,,,,,
2012,La Finca del Sur/South Bronx Farmers' Market,Bronx,Grand Concourse & 138th St,,,,,,,,,
2012,La Marqueta Farmers' Market,Manhattan,E 115th St & Park Ave,,,,,,,,,
2012,"Learn It, Grow It, Eat It Youthmarket",Bronx,169th St & Boston Rd,,,,,,,,,
2012,Lincoln Hospital Greenmarket,Bronx,149th St bet Park & Morris Aves,,,,,,,,,
2012,Little Green Market,Bronx,E 160th St & Elton Ave,,,,,,,,,
2012,Lower East Side Youthmarket,Manhattan,Grand Ave bet Pitt St & Abraham Pl,,,,,,,,,
2012,Malcolm X Blvd Farmers' Market,Brooklyn,Malcolm X Blvd bet Marion & Chauncey Sts,,,,,,,,,
2012,Marble Hill Youthmarket,Bronx,225th St bet Broadway & Exterior St,,,,,,,,,
2012,McGolrick Park Farmers' Market,Brooklyn,Russel St & Nassau Ave,,,,,,,,,
2012,Morningside Park Farmers' Market,Manhattan,W 110th St & Manhattan Ave,,,,,,,,,
2012,Mott Haven Farmers' Market,Bronx,"139th St & St. Ann's Ave, at Padre Plaza Success Garden",,,,,,,,,
2012,Mt. Sinai Hospital Greenmarket,Manhattan,99th St bet Madison & Park Aves,,,,,,,,,
2012,Myrtle Avenue Community-Run Farm Stand,Brooklyn,Myrtle & N Portland Aves,,,,,,,,,
2012,New Amsterdam Farmers' Market,Manhattan,"Marginal St, bet columns 29 & 31 of the FDR Drive",,,,,,,,,
2012,New York Botanical Gardens Greenmarket,Bronx,"Kazimiroff Blvd bet Bedford Park & Mosholu, inside Gate",,,,,,,,,
2012,NY/NJ Port Authority Greenmarket,Manhattan,"8th Ave & W 42nd St, inside bus terminal",,,,,,,,,
2012,Park Slope Farmers' Market,Brooklyn,"5th Ave & 4th St, in front of PS 51",,,,,,,,,
2012,Parkchester Greenmarket,Bronx,Westchester Ave & White Plains Rd,,,,,,,,,
2012,Poe Park Greenmarket,Bronx,192nd St bet Grand Concourse & Valentine Ave,,,,,,,,,
2012,Pomonok Farmers' Market,Queens,"67-09 Kissena Blvd, at QCH Pomonok Center",,,,,,,,,
2012,Project Eats Amboy Street Garden Community Farmers Market,Brooklyn,Amboy St & Blake Ave,,,,,,,,,
2012,Project Eats Community Market,Brooklyn,"400 Pennsylvania Ave bet Blake & Dumont Aves, at Thomas Jefferson High School",,,,,,,,,
2012,PS 11 Farm Market,Manhattan,21st St bet 8th and 9th Aves,,,,,,,,,
2012,Queens Botanical Garden Farmers' Market,Queens,Dahlia Ave off Main St,,,,,,,,,
2012,Queens Hospital Center Farmers Market,Queens,"82-68 164th St, in front of Ambulatory Care Pavilion",,,,,,,,,
2012,Red Hook Farmers' Market,Brooklyn,"Columbia & Beard Sts, across from IKEA",,,,,,,,,
2012,Ridgewood Youthmarket,Queens,Cypress Ave bet Myrtle & Putnam Aves,,,,,,,,,
2012,Riverdale Y Sunday Farmers' Market,Bronx,Independence Ave at W 237th St,,,,,,,,,
2012,Riverdale Youthmarket,Bronx,256th St & Mosholu Ave,,,,,,,,,
2012,Roberto Clemente Plaza Youthmarket,Bronx,149th St & 3rd Ave,,,,,,,,,
2012,Rockefeller Center Greenmarket,Manhattan,Rockefeller Plaza at 50th St,,,,,,,,,
2012,Socrates Sculpture Park Greenmarket,Queens,Vernon Blvd & Broadway,,,,,,,,,
2012,South Village Farmers' Market,Manhattan,6th Ave at Carmine St,,,,,,,,,
2012,St. George Greenmarket,Staten Island,"St. Marks Pl at Hyatt St, inside Borough Hall parking lot",,,,,,,,,
2012,St. Mark's Church Greenmarket,Manhattan,E 10th St & 2nd Ave,,,,,,,,,
2012,Staten Island Ferry/Whitehall Greenmarket,Manhattan,"4 South St, inside Ferry Terminal Bldg",,,,,,,,,
2012,Staten Island Mall Greenmarket,Staten Island,"Richmond Ave entrance, inside parking lot",,,,,,,,,
2012,Stuyvesant Town Greenmarket,Manhattan,14th St loop & Ave A,,,,,,,,,
2012,Sunnyside Gardens Greenmarket,Queens,Skillman Ave bet 42nd & 43rd Sts,,,,,,,,,
2012,Sunset Park Greenmarket,Brooklyn,4th Ave bet 59th & 60th Sts,,,,,,,,,
2012,Taqwa Community Farmers' Market,Bronx,Ogden Ave & 164th St,,,,,,,,,
2012,The Heights Community Farmers' Market,Bronx,University Ave & W 181st St,,,,,,,,,
2012,Tompkins Square Greenmarket,Manhattan,E 7th St & Ave A,,,,,,,,,
2012,Tribeca Greenmarket,Manhattan,Greenwich & Chambers Sts,,,,,,,,,
2012,Tucker Square Greenmarket,Manhattan,W 66th St & Columbus Ave,,,,,,,,,
2012,Union Square Greenmarket,Manhattan,Broadway & E 17th St,,,,,,,,,
2012,Urban Oasis Farmers' Market,Brooklyn,Clarkson & Troy Aves,,,,,,,,,
2012,Walt L Shamel Farmers' Market,Brooklyn,"Dean St bet Franklin & Bedford Aves, at Walt L Shamel Garden",,,,,,,,,
2012,Washington Heights 175th Street Greenmarket,Manhattan,175th St bet Broadway & Wadsworth Ave,,,,,,,,,
2012,Weeksville Farmers' Market,Brooklyn,Bergen St bet Buffalo & Rochester Aves,,,,,,,,,
2012,Wholesale Greenmarket,Bronx,"New Fulton Fish Market at Hunts Point, 800 Food Center Dr",,,,,,,,,
2012,Williamsburg Greenmarket,Brooklyn,Havemeyer St bet Broadway & Division Ave,,,,,,,,,
2012,Windsor Terrace - PS 154 Greenmarket,Brooklyn,11th Ave bet Sherman St & Windsor Pl,,,,,,,,,
2011,*Staten Island Mall Greenmarket,Staten Island,"Theater Parking Lot, St. Mark's & Hyatt Sts.",,,,,,,,,
2011,92 St. Greenmarket,Brooklyn,Prospect Park West & 15th St. (inside park),,,,,,,,,
2011,97th Street Greenmarket,Manhattan,First Ave. bet. E. 92nd & E. 93rd Sts.,,,,,,,,,
2011,Abingdon Square Greenmarket,Manhattan,"W. 97th St., btw Amsterdam & Columbus Aves.",,,,,,,,,
2011,Astoria Greenmarket,Manhattan,"Cedar St., bet. Church St. & Broadway",,,,,,,,,
2011,Bay Ridge Greenmarket,Bronx,New Fulton Fish Market at Hunts Point 800 Food Center Drive,,,,,,,,,
2011,Bissel Gardens Farmers Market,Bronx,Baychester Ave. & E. 241 St.,,,,,,,,,
2011,BK Farmyards,Brooklyn,"Walgreen's parking lot, Third Ave., off 95th St.",,,,,,,,,
2011,Boro Park Greenmarket,Brooklyn,"600 Kingston Ave., btw Rutland & Winthrop Rds.",,,,,,,,,
2011,Borough Hall Greenmarket,Brooklyn,14th Ave. btw 49th & 50th Sts.,,,,,,,,,
2011,Bowling Green Greenmarket,Manhattan,Hudson St. & 8th Ave. btw W 12th & Bethune Sts.,,,,,,,,,
2011,Bronx Borough Hall Greenmarket,Bronx,Grand Concourse bet. 161st and 162nd Sts. At Joyce Kilmer Park,,,,,,,,,
2011,Brownsville Community Farmers Market,Brooklyn,"Supreme Court Plaza, Court & Montague Sts.",,,,,,,,,
2011,Brownsville Youthmarket,Brooklyn,"BMS Family Health Center lot, 592 Rockaway Ave.",,,,,,,,,
2011,Bushwick Farmers Market,Brooklyn,Rockaway & Livonia Aves.,,,,,,,,,
2011,Bushwick/Maria Hernandez Park Farmers Market,Brooklyn,Linden St. bet. Broadway and Bushwick Ave.,,,,,,,,,
2011,Carroll Gardens Greenmarket,Brooklyn,Knickerbocker & Willoughby Aves.,,,,,,,,,
2011,City Hall Greenmarket,Manhattan,"Customs House Plaza, Broadway at Battery Place",,,,,,,,,
2011,Columbia University Greenmarket,Manhattan,Broadway. btw Chambers & Warren Sts.,,,,,,,,,
2011,Coney Island Farmers Market,Brooklyn,"Carroll St., btw Court & Smith Sts.",,,,,,,,,
2011,Corona Greenmarket,Queens,"Side of Dept. of Health Bldg., 1226 31st Ave. at 14th St.",,,,,,,,,
2011,Cortelyou Greenmarket,Brooklyn,"KeySpan Park, Surf Ave. & W. 16th St.",,,,,,,,,
2011,Culinary Kids Garden Farmers Market I,Queens,"Roosevelt Ave., btw 103rd & 104th Sts.",,,,,,,,,
2011,Culinary Kids Garden Farmers Market II,Queens,"Seagirt Blvd. and Beach 31st St., Far Rockaway",,,,,,,,,
2011,Cypress Hills Youthmarket,Brooklyn,Cortelyou Rd. bet. Argyle and Rugby Rds.,,,,,,,,,
2011,Dag Hammarskjold Plaza Greenmarket,Manhattan,Broadway bet. W. 114th & W. 115th Sts.,,,,,,,,,
2011,Douglaston Greenmarket,Queens,"St. John's Episcopal Hospital Lawn, Beach 20th St.",,,,,,,,,
2011,E. 82 St./St. Stephens Greenmarket,Manhattan,E. 47th St. & Second Ave.,,,,,,,,,
2011,East N.Y. Farms! Farmers Market,Brooklyn,Fulton St. btw Richmond & Logan Sts.,,,,,,,,,
2011,East New York Farms! Farmers Market II,Brooklyn,New Lots and Schenck Aves.,,,,,,,,,
2011,Elmhurst Hospital Greenmarket,Queens,"235th St. at 41st Ave., at the LIRR Station",,,,,,,,,
2011,Flatbush Caton Merchants Mart Farmers Market,Brooklyn,"New Lots, btw Alabama & Georgia Aves.",,,,,,,,,
2011,Flushing/Queens Botanical Garden Farmers Market,Queens,"41st Ave., bet. 80th & 81st Sts.",,,,,,,,,
2011,Fort Greene Park Greenmarket,Brooklyn,794-814 Flatbush Ave. at Caton Ave. (in courtyard),,,,,,,,,
2011,Fort Washington Greenmarket,Manhattan,"E. 82nd St., bet. First & York Aves.",,,,,,,,,
2011,Fulton Stall Market,Manhattan,Fort Washington Ave. & 168th St.,,,,,,,,,
2011,Fulton Youth of the Future Youthmarket,Manhattan,"South St., btw Fulton & Beekman Sts.",,,,,,,,,
2011,Glendale Atlas Park Greenmarket,Queens,"Garden lot, near College Pt. Ave. of Blossom Ave.",,,,,,,,,
2011,Graham Avenue Farmers Market,Brooklyn,"Washington Park, btw Dekalb Ave. & Willoughby St.",,,,,,,,,
2011,Grand Army Plaza Greenmarket,Brooklyn,Cook St. bet. Graham Ave. and P.S. 257 playground,,,,,,,,,
2011,Grass Roots Farmers Market,Manhattan,"9th Ave., bet. 16th & 17th Sts.",,,,,,,,,
2011,Greenpoint/ McCarren Park Greenmarket,Brooklyn,"Prospect Park entrance, Flatbush Ave. & Prospect Park West",,,,,,,,,
2011,Harlem Harvest Farmers' Market,Manhattan,"Jackie Robinson Park, W. 145th St. & Edgecombe Ave.",,,,,,,,,
2011,Harvest Home Bellevue Farmers Market,Manhattan,W 112th St & Madison Ave,,,,,,,,,
2011,Harvest Home Coney Island Farmers Market,Brooklyn,Bedford Ave. & Lorimer St. (inside park entrance),,,,,,,,,
2011,Harvest Home Co-op City Farmers Market,Bronx,"Parking Lot # 3, W side of Co-op City Blvd. N side of Bellamy Loop",,,,,,,,,
2011,Harvest Home East Harlem Farmers' Market,Manhattan,"27th St., btw 1st Ave. & Carmel Place",,,,,,,,,
2011,Harvest Home Echo Park Farmers Market,Bronx,Ryer St. and Burnside Ave.,,,,,,,,,
2011,Harvest Home Farmers Blvd. Farmers Market,Queens,"Atlas Park Shopping Complex, Cooper Ave. at 80th St.",,,,,,,,,
2011,Harvest Home Forest Ave. Farmers Market,Bronx,"Forest Ave., Btw Westchester Ave. & E. 156th St.",,,,,,,,,
2011,Harvest Home Go Green Farmers Market,Manhattan,E. 104th St. and Third Ave.,,,,,,,,,
2011,Harvest Home Jacobi Hospital Farmers Market,Bronx,1400 Pelham Pkwy. at Eastchester Rd.,,,,,,,,,
2011,Harvest Home Jerome Ave. Farmers Market,Bronx,"Plaza Drive, btw 170th St. & Elliot Place",,,,,,,,,
2011,Harvest Home Lutheran Hospital Farmers Market,Brooklyn,"Ocean Parkway, btw Ave. Z & Shore Parkway",,,,,,,,,
2011,Harvest Home Metropolitan Farmers Market,Manhattan,"Franklin Plaza, E. 106th St. & Third Ave.",,,,,,,,,
2011,Harvest Home Mt. Eden Farmers Market,Bronx,Mt. Eden & Morris Aves. near Bronx-Lebanon Hospital,,,,,,,,,
2011,Harvest Home Mt. Morris Park Farmers Market,Manhattan,99th St & 3rd Ave,,,,,,,,,
2011,Harvest Home Murray Hill Farmers' Market,Manhattan,"Marcus Garvey Park, E. 124th St. & Fifth Ave.",,,,,,,,,
2011,Harvest Home North Central Bronx Farmers Market,Bronx,Mosholu Parkway North & Jerome Ave.,,,,,,,,,
2011,Harvest Home Roy Wilkins Park Farmers Market,Queens,"109-53 Farmer's Blvd., bet. 109th & 110th Rds.",,,,,,,,,
2011,Harvest Home Sunday Farmers Market,Bronx,Grand Concourse & E. 165th St. at Bronx Museum of the Arts,,,,,,,,,
2011,Harvest Home West Farms Farmers Market,Bronx,"Drew Gardens, E. Tremont Ave. bet. Boston Rd. & E. 177th St.",,,,,,,,,
2011,Harvest Home/Fresh Conntect State Office Bldg. Farmers Market,Manhattan,"1st Ave., btw 26th & 27th Sts.",,,,,,,,,
2011,"Hattie Carthan ""After Church"" Sunday Farmers' Market",Brooklyn,49 Van Buren St bet Tompkins & Throop Aves,,,,,,,,,
2011,Hattie Carthan Community Garden Farmers Market,Brooklyn,55th St. off Second Ave. inside gate,,,,,,,,,
2011,Hunts Point Farmers Market,Bronx,"Southern Blvd., Bruckner Blvd. & E. 163rd St. At Monsignor Raul del Valle Sq., & #6 subway",,,,,,,,,
2011,Inwood Park Greenmarket,Manhattan,W. 125th St. & Adam Clayton Powell Blvd.,,,,,,,,,
2011,Jackson Heights Greenmarket,Queens,Merrick Blvd bet 221st & 222nd Sts,,,,,,,,,
2011,Jamaica Farmers Market,Queens,"Travers Park, 34th Ave. btw 77th & 78th Sts.",,,,,,,,,
2011,Joseph Addabbo Family Health Center's Farmers Market,Queens,"90-40 160th St., off Jamaica Ave.",,,,,,,,,
2011,Kensington Youthmarket,Brooklyn,49 Van Buren St bet,,,,,,,,,
2011,Kingsbridge Heights Youthmarket,Bronx,"W. Kingsbridge Rd., btw Aqueduct & Resevoir, Bronx",,,,,,,,,
2011,La Familia Verde Farmers Market,Bronx,"Tremont Park, E. Tremont & Lafontaine Aves.",,,,,,,,,
2011,La Marqueta Farmers Market,Manhattan,"Isham St., btw Seaman & Cooper Sts.",,,,,,,,,
2011,Lafayette Youthmarket,Brooklyn,Ft. Hamilton Pkwy btwn E. 4th & e. 5th,,,,,,,,,
2011,"Learn it, Grow it, Eat it Youthmarket",Bronx,Boston Rd. and E. 169th St.,,,,,,,,,
2011,Lincoln Hospital Greenmarket,Bronx,149th St. btw Park & Morris Aves.,,,,,,,,,
2011,Lower East Side Youthmarket,Manhattan,"E. 115th St. & Park Ave., under Metro North tracks",,,,,,,,,
2011,Malcolm X Blvd. Community Farmers Market,Brooklyn,Lafayette & Washington Aves.,,,,,,,,,
2011,Marble Hill Youthmarket,Bronx,"225th St. at Broadway, the Bronx",,,,,,,,,
2011,Morningside Park Farmers Market,Manhattan,Grand St and Pitt,,,,,,,,,
2011,Mott Haven Farmers Market,Bronx,"Padre Plaza Garden, E. 139th St. & 283 Saint Ann's Ave.",,,,,,,,,
2011,Mt. Sinai Hospital Greenmarket,Manhattan,W. 110th St. and Manhattan Ave.,,,,,,,,,
2011,Myrtle Avenue Community- Run Farmstand,Brooklyn,"Malcolm X Blvd., btw Chauncey & Marion Sts.",,,,,,,,,
2011,New Amsterdam Farmers Market,Manhattan,"E. 99th St., btw Madison & Park Aves.",,,,,,,,,
2011,New York Botanical Garden Greenmarket,Bronx,Mosholu Pkwy. Gate at Kazimiroff Blvd. (in garden),,,,,,,,,
2011,New York Hall of Science Farmers Market,Queens,"6200 Beach Channel Drive Parking lot, Arverne",,,,,,,,,
2011,Northeast Bronx Farmers Market,Bronx,"Haffen Park, Hammersley & Wickham Aves.",,,,,,,,,
2011,Park Slope Indoor Farmers Market,Brooklyn,"177 Myrtle Ave., 1 block E of Flatbush Ave.",,,,,,,,,
2011,Park Slope-Fifth Ave. Farmers Market,Brooklyn,"Old American Can Factory, 232 Third St. at Third Ave.",,,,,,,,,
2011,Parkchester Greenmarket,Bronx,Westchester Ave. and White Plains Rd.,,,,,,,,,
2011,Poe Park Greenmarket,Bronx,Grand Concourse & E. 192 St.,,,,,,,,,
2011,Pomonok Farmers' Market,Queens,"Hall of Science Plaza, 111th St. and 48th Ave., Corona",,,,,,,,,
2011,Port Authority Bus Terminal Greenmarket,Manhattan,"000 Marginal St., btw columns 29 & 31 of the FDR Drive",,,,,,,,,
2011,Queens Hospital Center Farmers Market,Queens,"QCH Pomonok Center, Flushing 67-09 Kissena Blvd., Forest Hill",,,,,,,,,
2011,Red Hook Farmers Market,Brooklyn,"Fifth Ave. btw 3rd & 4th Sts., at Washington Park",,,,,,,,,
2011,Ridgewood Youthmarket,Queens,"82-68 164th St., in front of Ambulatory Care Pavilion",,,,,,,,,
2011,Riverdale Youthmarket,Bronx,"Mosholu Ave. at 255th St., the Bronx",,,,,,,,,
2011,Rockefeller Center Greenmarket,Manhattan,"Inside North Terminal, 8th Ave. & W. 42nd St.",,,,,,,,,
2011,South Village Farmers Market,Manhattan,"Rockefeller Plaza, btw W. 50th & W. 51 Sts.",,,,,,,,,
2011,St. George Greenmarket,Queens,"Skillman Ave., Btw 42nd & 43rd Sts.",,,,,,,,,
2011,St. Mark's Church Greenmarket,Manhattan,Sixth Ave. at Carmine St.,,,,,,,,,
2011,Stapleton Youthmarket,Staten Island,"Richmond Ave. entrance, inside parking lot",,,,,,,,,
2011,Staten Island Ferry/Whitehall Greenmarket,Manhattan,"E. 10th St. & Second Ave., in Abe Lebewohl Park",,,,,,,,,
2011,Stuyvesant Town Greenmarket,Manhattan,"4 South St., inside Ferry Terminal Bldg.",,,,,,,,,
2011,Sunnyside Gardens Greenmarket,Queens,"Myrtle Ave., btw Cypress & Putnam Ave.",,,,,,,,,
2011,Sunset Park Greenmarket,Brooklyn,"Red Hook Farm, Columbia & Sigourney Sts.",,,,,,,,,
2011,Taqwa Community Farmers Market,Bronx,"90 W. 164th St. at Ogden Ave. (in garden), Highbridge",,,,,,,,,
2011,The Foodshed Farmers' Market,Brooklyn,"4th Ave., Btw 59th & 60th Sts.",,,,,,,,,
2011,Tompkins Square Greenmarket,Manhattan,"Stuyvesant Oval, N of 14th St., bet. First Ave. & Ave. A",,,,,,,,,
2011,Tribeca Greenmarket,Manhattan,"Ave. A btw 7th St. & St. Marks Pl, at Tompkins Square Park",,,,,,,,,
2011,Tucker Square Greenmarket,Manhattan,Greenwich St. bet. Chambers & Duane Sts.,,,,,,,,,
2011,Union Square Greenmarket,Manhattan,"Broadway, Btw W. 65th & W. 66 Sts.",,,,,,,,,
2011,Urban Oasis Farmers Market,Brooklyn,388 Atlantic Ave.,,,,,,,,,
2011,W. 57th St. Greenmarket,Manhattan,Broadway & E. 17th St. along W and N sides of Union Square Park,,,,,,,,,
2011,W. 79th St Greenmarket,Manhattan,W. 57th St. & Ninth Ave. at Balsley Park,,,,,,,,,
2011,Washington Heights 175th St. Greenmarket,Manhattan,W. 77th St. & Columbus Ave.,,,,,,,,,
2011,Weeksville Heritage Center Farmers Market,Brooklyn,"Market pavilion, Clarkson & Troy Aves.",,,,,,,,,
2011,Williamsburg Greenmarket,Brooklyn,1698 Bergen St. bet. Buffalo & Rochester Aves.,,,,,,,,,
2011,Windsor Terrace Greenmarket,Brooklyn,"Havemeyer St., btw Broadway & Division St.",,,,,,,,,
2011,World Financial Center Battery Park City Greenmarket,Manhattan,W. 175th St. & Broadway,,,,,,,,,
2011,Zucotti Park Greenmarket,Manhattan,"South End Ave., at Liberty St.",,,,,,,,,
2011,,Staten Island,Tappen Park (at Bay and Canal Sts),,,,,,,,,
2010,Abingdon Square Greenmarket,Manhattan,Hudson St. & 8th Ave. btw W 12th & Bethune Sts.,,,,,,,,,
2010,Astoria Greenmarket,Queens,1226 31st Ave. at 14th St.,,,,,,,,,
2010,Battery Park City Greenmarket,Manhattan,"South End Ave., at Liberty St.",,,,,,,,,
2010,Bay Ridge Greenmarket,Brooklyn,"Third Ave., off 95th St.",,,,,,,,,
2010,Bissel Gardens Farmers Market,Bronx,Baychester Ave. & E. 241 St.,,,,,,,,,
2010,Borough Hall Greenmarket,Brooklyn,"Supreme Court Plaza, Court & Montague Sts.",,,,,,,,,
2010,Borough Park Greenmarket,Brooklyn,14th Ave. btw 49th & 50th Sts.,,,,,,,,,
2010,Bowling Green Greenmarket,Manhattan,"Customs House Plaza, Broadway at Battery Place",,,,,,,,,
2010,Bronx Borough Hall Greenmarket,Bronx,Grand Concourse bet. 161st and 162nd Sts. At Joyce Kilmer Park,,,,,,,,,
2010,Brownsville Community Farmers Market,Brooklyn,592 Rockaway Ave. (BMS Family Health Center lot),,,,,,,,,
2010,Brownsville Youthmarket,Brooklyn,Rockaway & Livonia Aves.,,,,,,,,,
2010,Bushwick Farmers Market,Brooklyn,Linden St. bet. Broadway and Bushwick Ave.,,,,,,,,,
2010,Bushwick/Maria Hernandez Park Farmers Market,Brooklyn,Knickerbocker & Willoughby Aves.,,,,,,,,,
2010,Bushwick/Myrtle-Wyckoff Farmers Market,Brooklyn,Myrtle & Wyckoff Aves.,,,,,,,,,
2010,Carroll Gardens Greenmarket,Brooklyn,"Carroll St., btw Court & Smith Sts.",,,,,,,,,
2010,City Hall Greenmarket,Manhattan,Broadway. btw Chambers & Warren Sts.,,,,,,,,,
2010,Clinton Hill Youthmarket,Brooklyn,Lafayette & Washington Aves.,,,,,,,,,
2010,Columbia/Morningside Heights Greenmarket,Manhattan,Broadway bet. W. 114th & W. 115th Sts.,,,,,,,,,
2010,Coney Island Farmers Market,Brooklyn,"KeySpan Park, Surf Ave. & W. 16th St.",,,,,,,,,
2010,Corona Greenmarket,Queens,"Roosevelt Ave., btw 103rd & 104th Sts.",,,,,,,,,
2010,Corona/New York Hall of Science Farmers Market,Queens,"111th St. and 48th Ave., Corona",,,,,,,,,
2010,Culinary Kids Garden Farmers Market I,Queens,"Seagirt Blvd. and Beach 31st St., Far Rockaway",,,,,,,,,
2010,Culinary Kids Garden Farmers Market II,Queens,"St. John's Episcopal Hospital Lawn, Beach 20th St.",,,,,,,,,
2010,Dag Hammarskjold Plaza Greenmarket,Manhattan,E. 47th St. & Second Ave.,,,,,,,,,
2010,DUMBO Farmers Market,Brooklyn,"The Triangle, bet. Pearl St. & Anchorage Place",,,,,,,,,
2010,E. 82 St./St. Stephens Greenmarket,Manhattan,"E. 82nd St., bet. First & York Aves.",,,,,,,,,
2010,E. 92 St. Greenmarket,Manhattan,First Ave. bet. E. 92nd & E. 93rd Sts.,,,,,,,,,
2010,East N.Y. Farms! Farmers Market,Brooklyn,New Lots and Schenck Aves.,,,,,,,,,
2010,East New York Farms! Farmers Market II,Brooklyn,"New Lots, btw Alabama & Georgia Aves.",,,,,,,,,
2010,Elmhurst Hospital Greenmarket,Queens,"41st Ave., bet. 80th & 81st Sts.",,,,,,,,,
2010,Flatbush Caton Merchants Mart Farmers Market,Brooklyn,794-814 Flatbush Ave. at Caton Ave. (in courtyard),,,,,,,,,
2010,Flatbush-Myrtle Farmers Market,Brooklyn,"177 Myrtle Ave., 1 block E of Flatbush Ave.",,,,,,,,,
2010,Flushing/Queens Botanical Garden Farmers Market,Queens,"Garden lot, near College Pt. Ave. of Blossom Ave.",,,,,,,,,
2010,Fort Greene Park Greenmarket,Brooklyn,"Washington Park, btw Dekalb Ave. & Willoughby St.",,,,,,,,,
2010,Fort Washington Greenmarket,Manhattan,Fort Washington Ave. & 168th St.,,,,,,,,,
2010,Fulton Stall Market,Manhattan,"South St., btw Fulton & Beekman Sts.",,,,,,,,,
2010,Fulton Youth of the Future Youthmarket,Manhattan,"9th Ave., bet. 16th & 17th Sts.",,,,,,,,,
2010,Glendale Atlas Park Greenmarket,Queens,Cooper Ave. at 80th St.,,,,,,,,,
2010,Graham Avenue Farmers Market,Brooklyn,Cook St. bet. Graham Ave. and P.S. 257 playground,,,,,,,,,
2010,Grand Army Plaza Greenmarket,Brooklyn,"Prospect Park entrance, Flatbush Ave. & Prospect Park West",,,,,,,,,
2010,Grass Roots Farmers Market,Manhattan,"Jackie Robinson Park, W. 145th St. & Edgecombe Ave.",,,,,,,,,
2010,Greenpoint/ McCarren Park Greenmarket,Brooklyn,Bedford Ave. & Lorimer St. (inside park entrance),,,,,,,,,
2010,Harlem Harvest Madison Ave. Farmers Market,Manhattan,East side of Madison Ave. & E. 112th St.,,,,,,,,,
2010,Harlem Harvest State Office Bldg. Farmers Market,Manhattan,W. 125th St. & Adam Clayton Powell Blvd.,,,,,,,,,
2010,Harvest Home 106th St. Go Green Farmers Market,Manhattan,"Franklin Plaza, E. 106th St. & Third Ave.",,,,,,,,,
2010,Harvest Home Bellevue Farmers Market,Manhattan,"27th St., btw 1st Ave. & Carmel Place",,,,,,,,,
2010,Harvest Home Castle Hill Farmers Market,Bronx,Castle Hill & Hart Aves. at Bronx YMCA,,,,,,,,,
2010,Harvest Home Coney Island Farmers Market,Brooklyn,"Ocean Parkway, btw Ave. Z & Shore Parkway",,,,,,,,,
2010,Harvest Home Co-op City Farmers Market,Bronx,W side of Co-op City Blvd. N side of Bellamy Loop,,,,,,,,,
2010,Harvest Home Echo Park Farmers Market,Bronx,Ryer St. and Burnside Ave.,,,,,,,,,
2010,Harvest Home Farmers Blvd. Farmers Market,Queens,"109-53 Farmer's Blvd., bet. 109th & 110th Rds.",,,,,,,,,
2010,Harvest Home Forest Ave. Farmers Market,Bronx,"Forest Ave., Btw Westchester Ave. & E. 156th St.",,,,,,,,,
2010,Harvest Home Jacobi Hospital Farmers Market,Bronx,1400 Pelham Pkwy. at Eastchester Rd.,,,,,,,,,
2010,Harvest Home Jerome Ave. Farmers Market,Bronx,"Plaza Drive, btw 170th St. & Elliot Place",,,,,,,,,
2010,Harvest Home Lutheran Hospital Farmers Market,Brooklyn,55th St. off Second Ave. inside gate,,,,,,,,,
2010,Harvest Home Metropolitan Ave. Farmers Market,Queens,101-15 Metropolitan Ave.,,,,,,,,,
2010,Harvest Home Metropolitan Hospital Farmers Market,Manhattan,E side of Second Ave. bet. E 99th & E 110th Sts.,,,,,,,,,
2010,Harvest Home Morris Park Farmers Market,Bronx,"Our Saviour Lutheran Church lot, 1734 Williamsbridge Rd.",,,,,,,,,
2010,Harvest Home Mt. Eden Farmers Market,Bronx,Mt. Eden & Morris Aves. near Bronx-Lebanon Hospital,,,,,,,,,
2010,Harvest Home Mt. Morris Park Farmers Market,Manhattan,"Marcus Garvey Park, E. 124th St. & Fifth Ave.",,,,,,,,,
2010,Harvest Home North Central Bronx Farmers Market,Bronx,Mosholu Parkway North & Jerome Ave.,,,,,,,,,
2010,Harvest Home Presbyterian Church Farmers Market,Queens,"Roy Wilkins Park, Merrick & Baisley Blvds.",,,,,,,,,
2010,Harvest Home Sunday Farmers Market,Bronx,Grand Concourse & E. 165th St. at Bronx Museum of the Arts,,,,,,,,,
2010,Harvest Home Union Settlement Market,Manhattan,E. 104th St. and Third Ave.,,,,,,,,,
2010,Harvest Home West Farms Farmers Market,Bronx,"Drew Gardens, E. Tremont Ave. bet. Boston Rd. & E. 177th St.",,,,,,,,,
2010,Hattie Carthan Community Garden Farmers Market,Brooklyn,"Marcy Ave. bet. Lafayette Ave. & Clifton Pl., at Tomkins Park",,,,,,,,,
2010,Hester St. Greenmarket,Manhattan,Essex St. at Hester St.,,,,,,,,,
2010,High School for Public Service Farmers Market,Brooklyn,"600 Kingston Ave., btw Rutland & Winthrop Rds.",,,,,,,,,
2010,Hunts Point Farmers Market,Bronx,"Southern Blvd., Bruckner Blvd. & E. 163rd St. At Monsignor Raul del Valle Sq., & #6 subway",,,,,,,,,
2010,Inwood Park Greenmarket,Manhattan,"Isham St., btw Seaman & Cooper Sts.",,,,,,,,,
2010,Jackson Heights Greenmarket,Queens,"Travers Park, 34th Ave. btw 77th & 78th Sts.",,,,,,,,,
2010,Jamaica Farmers Market,Queens,"90-40 160th St., off Jamaica Ave.",,,,,,,,,
2010,Joseph Addabbo Family Health Center's Farmers Market,Queens,6200 Beach Channel Drive Parking lot,,,,,,,,,
2010,La Familia Verde Farmers Market,Bronx,"Tremont Park, E. Tremont & Lafontaine Aves.",,,,,,,,,
2010,La Marqueta Farmers Market,Manhattan,"E. 115th St. & Park Ave., under Metro North tracks",,,,,,,,,
2010,"Learn it, Grow it, Eat it Youthmarket",Bronx,Boston Rd. and E. 169th St.,,,,,,,,,
2010,Lincoln Hospital Greenmarket,Bronx,149th St. btw Park & Morris Aves.,,,,,,,,,
2010,Long Island City\ Hunters Point Greenmarket,Queens,"48th Ave., Btw Vernon Blvd. & Fifth St.",,,,,,,,,
2010,Malcolm X Blvd. Community Farmers Market,Brooklyn,"Malcolm X Blvd., btw Chauncey & Marion Sts.",,,,,,,,,
2010,Marble Hill Youthmarket,Bronx,225th St. at Broadway,,,,,,,,,
2010,Mid-Bronx Desperados (MBD) Youthmarket,Bronx,Westchester Ave. & West Farms Rd.,,,,,,,,,
2010,Midwood/Cortelyou Greenmarket,Brooklyn,Cortelyou Rd. bet. Argyle and Rugby Rds.,,,,,,,,,
2010,Morningside Park Farmers Market,Manhattan,W. 110th St. and Manhattan Ave.,,,,,,,,,
2010,Mott Haven Farmers Market,Bronx,"Padre Plaza Garden, E. 139th St. & 283 Saint Ann's Ave.",,,,,,,,,
2010,Mt. Sinai Hospital Greenmarket,Manhattan,"E. 99th St., btw Madison & Park Aves.",,,,,,,,,
2010,Murray Hill Youthmarket,Manhattan,"Second Ave., btw E. 32nd & E. 33rd Sts.",,,,,,,,,
2010,New Amsterdam Farmers Market,Manhattan,"Marginal St., btw columns 29 & 31 of the FDR Drive",,,,,,,,,
2010,New York Botanical Garden Greenmarket,Bronx,Mosholu Pkwy. Gate at Kazimiroff Blvd. (in garden),,,,,,,,,
2010,Northeast Bronx Farmers Market,Bronx,"Haffen Park, Hammersley & Wickham Aves.",,,,,,,,,
2010,Park Slope Indoor Farmers Market,Brooklyn,232 Third St. at Third Ave.,,,,,,,,,
2010,Park Slope-Fifth Ave. Farmers Market,Brooklyn,"Fifth Ave. btw 3rd & 4th Sts., at Washington Park",,,,,,,,,
2010,Poe Park Greenmarket,Bronx,Grand Concourse & E. 192 St.,,,,,,,,,
2010,Port Authority Bus Terminal Greenmarket,Manhattan,"Inside North Terminal, 8th Ave. & W. 42nd St.",,,,,,,,,
2010,Queens Hospital Center Farmers Market,Queens,"82-68 164th St., in front of Ambulatory Care Pavilion",,,,,,,,,
2010,Red Hook Farmers Market,Brooklyn,"Red Hook Farm, Columbia & Sigourney Sts.",,,,,,,,,
2010,Ridgewood Youthmarket,Queens,"Myrtle Ave., btw Cypress & Putnam Ave.",,,,,,,,,
2010,Riverdale Youthmarket,Bronx,Mosholu Ave. at 255th St.,,,,,,,,,
2010,Rockefeller Center Greenmarket,Manhattan,"Rockefeller Plaza, btw W. 50th & W. 51 Sts.",,,,,,,,,
2010,South Bronx Community Farmers Market,Bronx,"St. Mary's Park, E. 146th & St. Anne's Ave.",,,,,,,,,
2010,South Village Farmers Market,Manhattan,Sixth Ave. at Carmine St.,,,,,,,,,
2010,St. George Greenmarket,Staten Island,"Theater Parking Lot, St. Mark's & Hyatt Sts.",,,,,,,,,
2010,St. Mark's Church Greenmarket,Manhattan,"E. 10th St. & Second Ave., in Abe Lebewohl Park",,,,,,,,,
2010,Staten Island Ferry/Whitehall Greenmarket,Manhattan,"4 South St., inside Ferry Terminal Bldg.",,,,,,,,,
2010,Staten Island Mall Greenmarket,Staten Island,"Richmond Ave. entrance, inside parking lot",,,,,,,,,
2010,Stranger's Gate Greenmarket,Manhattan,Central Park West & 106th St.,,,,,,,,,
2010,Stuyvesant Town Greenmarket,Manhattan,"Stuyvesant Oval, N of 14th St., bet. First Ave. & Ave. A",,,,,,,,,
2010,Sunnyside Gardens Greenmarket,Queens,"Skillman Ave., Btw 42nd & 43rd Sts.",,,,,,,,,
2010,Sunset Park Greenmarket,Brooklyn,"4th Ave., Btw 59th & 60th Sts.",,,,,,,,,
2010,Tappen Park Youthmarket,Staten Island,"Tappen Park, Staten Island",,,,,,,,,
2010,Taqwa Community Farmers Market,Bronx,"90 W. 164th St. at Ogden Ave. (in garden), Highbridge",,,,,,,,,
2010,Tompkins Square Greenmarket,Manhattan,"Ave. A btw 7th St. & St. Marks Pl, at Tompkins Square Park",,,,,,,,,
2010,Tribeca/Washington Park Greenmarket,Manhattan,Greenwich St. bet. Chambers & Duane Sts.,,,,,,,,,
2010,Tucker Square/Lincoln Center Greenmarket,Manhattan,"Broadway, Btw W. 65th & W. 66 Sts.",,,,,,,,,
2010,Union Square Greenmarket,Manhattan,Broadway & E. 17th St. along W and N sides of Union Square Park,,,,,,,,,
2010,Urban Oasis Farmers Market,Brooklyn,"Market pavilion, Clarkson & Troy Aves.",,,,,,,,,
2010,W. 175th St. Greenmarket,Manhattan,W. 175th St. & Broadway,,,,,,,,,
2010,W. 57th St. Greenmarket,Manhattan,W. 57th St. & Ninth Ave. at Balsley Park,,,,,,,,,
2010,W. 77th St./I.S. 44 Greenmarket,Manhattan,W. 77th St. & Columbus Ave.,,,,,,,,,
2010,W. 97th Street Greenmarket,Manhattan,"W. 97th St., btw Amsterdam & Columbus Aves.",,,,,,,,,
2010,Weeksville Heritage Center Farmers Market,Brooklyn,1698 Bergen St. bet. Buffalo & Rochester Aves.,,,,,,,,,
2010,Williamsburg Greenmarket,Brooklyn,"Havemeyer St., btw Broadway & Division St.",,,,,,,,,
2010,Windsor Terrace Greenmarket,Brooklyn,Prospect Park West & 15th St. (inside park),,,,,,,,,
2010,Zucotti Park Greenmarket,Manhattan,"Cedar St., bet. Church St. & Broadway",,,,,,,,,
2009,92nd Street Greenmarket,Manhattan,92nd St and 1st Avenue,,,,,,,,,
2009,97th Street Greenmarket,Manhattan,W 97th St bwtween Columbus & Amsterdam Ave,,,,,,,,,
2009,Bed Stuy CENYC Youth Market,Brooklyn,Lewis Ave bet. Decatur & McDonough Sts,,,,,,,,,
2009,Bissel Gardens Farmers Market,Bronx,Baychester Ave and East 241st St,,,,,,,,,
2009,Borough Hall Greenmarket,Bronx,Grand Concourse and 161st,,,,,,,,,
2009,Brownsville Community Farmers Market,Brooklyn,592 Rockaway Blvd between Blake & Dumont,,,,,,,,,
2009,Bushwick Farmers Market,Brooklyn,Linden St & Broadway,,,,,,,,,
2009,Columbia Hospital,Manhattan,168th Street,,,,,,,,,
2009,Columbia University Greenmarket,Manhattan,Broadway between 114th & 115th,,,,,,,,,
2009,East New York Farm Stand,Brooklyn,New Lots between Alabama & Georgia Aves,,,,,,,,,
2009,East New York Farms! Farmers Market,Brooklyn,Schenck Ave Between New Lots & Livonia,,,,,,,,,
2009,Fort Greene Park Greenmarket,Brooklyn,Washington Park & DeKalb Ave,,,,,,,,,
2009,Graham Avenue Farmers Market,Brooklyn,Graham Ave & Cook St,,,,,,,,,
2009,Grass Roots Farmers Market,Manhattan,W 145th Street and Edgecomb Ave at Jackie Robinson Park,,,,,,,,,
2009,Harlem Harvest Farmers Market,Manhattan,112th St and Madison Ave,,,,,,,,,
2009,Harlem Harvest State Office Building,Manhattan,W 125th St & Adam Clayton Powell Blvd,,,,,,,,,
2009,Harlem Hospital Greenmarket,Manhattan,West 135th and Lenox,,,,,,,,,
2009,Harvest Home Echo Park Market,Bronx,Tremont Ave Betw. Anthony & Webster Ave,,,,,,,,,
2009,Harvest Home Forest Avenue Farmers Market,Bronx,Forest Ave between Westchester Ave and 156th,,,,,,,,,
2009,Harvest Home Jacobi Hospital Farmers Market,Bronx,1400 Pelham Parkway at Eastchester Road,,,,,,,,,
2009,Harvest Home Metropolitan Market,Manhattan,97-99th Streets & 2nd Avenue,,,,,,,,,
2009,Harvest Home Morris Park Farmers Market,Bronx,1734 Williamsbridge Rd off Morris Park Ave,,,,,,,,,
2009,Harvest Home Mt Eden Farmers Market,Bronx,Mt Eden and Morris Aves at Bronx Lebanon Hospital,,,,,,,,,
2009,Harvest Home Sunday Farmers Market,Bronx,Grand Concourse and E 165th St,,,,,,,,,
2009,Harvest Home Union Settlement Farmers Market,Manhattan,East 104th St between 2nd & 3rd Ave,,,,,,,,,
2009,Harvest Home Youth Stand--Children's Store Front School,Manhattan,129th St between Park and Madison Ave,,,,,,,,,
2009,Harvest Home/Go Green Farmers Market,Manhattan,East 106th St and 3rd Ave,,,,,,,,,
2009,Hattie Carthan Community Farmers Market,Brooklyn,Marcy & Lafayette Aves,,,,,,,,,
2009,Hunts Point Farmers Market,Bronx,Southern and Brickner Blvds and 163rd,,,,,,,,,
2009,Inwood Park Greenmarket,Manhattan,Isham St b/w Seaman & Cooper Streets,,,,,,,,,
2009,La Familia Verde Farmers Market,Bronx,E. Tremont and LaFontaine Ave,,,,,,,,,
2009,Lincoln Hospital Greenmarket,Bronx,149th St between Park and Morris,,,,,,,,,
2009,Malcolm X Blvd Farmers Market,Brooklyn,Malcolm X Blvd between Marion & Chauncey Sts,,,,,,,,,
2009,Maria Hernandez Park Farmers Market,Brooklyn,Knickerbocker Ave & Starr St,,,,,,,,,
2009,MBD Community Park Farmers Market,Bronx,1710 Southern Blvd and 173rd St,,,,,,,,,
2009,Midwood/Cortelyou Rd. Greenmarket,Brooklyn,Cortelyou Rd between Argyle & Rugby Rds,,,,,,,,,
2009,Morningside Park Farmers Market,Manhattan,West 110th st and Manhattan Ave,,,,,,,,,
2009,Mt Sinai Greenmarket,Manhattan,East 99th St and Madison,,,,,,,,,
2009,New York Botanical Gardens Farmers Market,Bronx,Mosholu Pkwy at Kazimiroff Blvd,,,,,,,,,
2009,Northeast Bronx Farmers Market,Bronx,Hammersley and Wickham Aves,,,,,,,,,
2009,Poe Park Greenmarket,Bronx,Grand Concourse and 192nd,,,,,,,,,
2009,Red Hook Farmers Market,Brooklyn,"Columbia, between Sigourney & Beard Sts",,,,,,,,,
2009,South Bronx Community Farmers Market,Bronx,139th St betwenn St. Anns and Cyprus,,,,,,,,,
2009,Strangers Gate Greenmarket,Manhattan,W 106th St & Central Park West,,,,,,,,,
2009,Taqwa Community Farmers Market,Bronx,Ogden Ave and 164th St,,,,,,,,,
2009,Urban Oasis Farmers Market,Brooklyn,Clarkson & Troy Aves,,,,,,,,,
2009,Washington Heights 175th Street Greenmarket,Manhattan,175th Street and Broadway,,,,,,,,,
2009,Weeksville Farmers Market,Brooklyn,1698 Bergen St between Buffalo & Rochester,,,,,,,,,
2009,West Farmers Market,Bronx,Boston Road and E Tremont Ave,,,,,,,,,
2009,Williamsburg Greenmarket,Brooklyn,Havemeyer St. between Broadway & Division St.,,,,,,,,,
2026,170 Farm Stand,Bronx,1406 Townsend Ave.,204,40.840138,-73.916591,Wednesday,2 p.m. - 6 p.m.,,No,No,No
2026,Bissel Gardens Farmers Market,Bronx,Baychester Ave across from Camp St.,212,40.900941,-73.84674,Saturday,8 a.m.- 4 p.m.,,Yes,No,No
2026,Bronx Borough Hall Greenmarket,Bronx,161st St. & Grand Concourse,204,40.827335,-73.922911,Tuesday,8 a.m. - 4 p.m.,,Yes,No,No
2026,Bronx Park East (BxPE) Farmers Market,Bronx,"2045 Bronx Park East, Bronx Park (Bradley Playground)",211,40.851713,-73.867786,Sunday,9 a.m. - 4 p.m.,,Yes,No,No
2026,BronxWorks Farm Stand,Bronx,1130 Grand Concourse,204,40.832759,-73.919296,Thursday,10 a.m.-2 p.m.,,Yes,No,No
2026,Harvest Home Co-op City Farm Stand,Bronx,Asch Loop & Aldrich St.,210,40.8702,-73.830963,Wednesday & Saturday,8 a.m. - 3 p.m.,,Yes,No,No
2026,Harvest Home Hunts Point Farm Stand,Bronx,Southern Blvd. bet. Barretto & Tiffany Sts. (Luis Suarez Memorial Park),202,40.81894,-73.893492,Wednesday,8 a.m. - 3 p.m.,,Yes,No,No
2026,Harvest Home Jacobi Hospital Farmers Market,Bronx,1400 Pelham Pkwy,211,40.8574,-73.847079,Friday,8 a.m. - 3 p.m.,,Yes,No,No
2026,Harvest Home Mt. Eden Malls Farmers Market,Bronx,Mt. Eden & Morris Aves. (Claremont Park),204,40.8429,-73.909558,Tuesday & Thursday,8 a.m. - 3 p.m.,,Yes,No,No
2026,Harvest Home North Central Bronx Farmers Market,Bronx,Mosholu Pkwy & Jerome Ave.,207,40.8797,-73.884661,Wednesday,8 a.m. - 3 p.m.,,Yes,No,No
2026,Harvest Home St. Mary's Park Farm Stand,Bronx,E. 149th St. & Eagle Ave. (St. Mary's Park),201,40.8139,-73.911812,Thursday,8 a.m. - 3 p.m.,,Yes,No,No
2026,JBOLC Garden Community Farmers Market,Bronx,100 W Mosholu Pkwy S. (James Baldwin Plaza),207,40.882178,-73.88691,Saturday,10 a.m. - 3 p.m.,,Yes,No,No
2026,La Familia Verde Farmers Market,Bronx,E. Tremont Ave. bet. Arthur Ave & LaFontaine Ave.,206,40.846448,-73.893563,Tuesday,9 a.m. - 3 p.m.,,Yes,No,Yes
2026,La Familia Verde Farmers Market Highbridge Farmers Market,Bronx,1430 Plimpton Avenue,204,40.843627,-73.922243,Wednesday,10 a.m. - 12 p.m.,,Yes,No,No
2026,Lincoln Hospital Greenmarket,Bronx,E. 149th St. bet. Park & Morris Aves,201,40.818013,-73.925185,Tuesdays & Fridays,8 a.m. - 3 p.m.,,Yes,No,Yes
2026,Morning Glory Market at the New York Botanical Gardens,Bronx,2900 Southern Blvd. (inside the Moshulu Gate entrance),227,40.865684,-73.883312,Wednesday,10 a.m. - 2 p.m.,,Yes,No,No
2026,Mott Haven Farm Stand,Bronx,541 E 139th St. (Padre Plaza Garden),201,40.807883,-73.917885,Wednesday,9 a.m. - 1 p.m.,,Yes,No,No
2026,New Roots Farm Stand,Bronx,670 Grand Concourse,204,40.821447,-73.925492,Saturday,10 a.m. - 3 p.m.,,Yes,No,No
2026,Parkchester Greenmarket,Bronx,Westchester Ave. & White Plains Rd.,209,40.833279,-73.862833,Friday,8 a.m. - 3 p.m.,,Yes,No,No
2026,Poe Park Greenmarket,Bronx,E 192nd St. bet. Grand Concourse & Valentine,207,40.86431,-73.895379,Tuesday,8 a.m. - 3 p.m.,,Yes,No,No
2026,Riverdale Neighborhood House Youth Market,Bronx,5521 Mosholu Ave.,208,40.903039,-73.90375,Thursday,2:30 p.m. - 6 p.m.,,Yes,No,No
2026,Riverdale Y Sunday Market,Bronx,3407 Netherland Avenue,208,40.885103,-73.911186,Sunday,9 a.m. - 2 p.m.,,No,No,No
2026,Van Cortlandt Park Alliance Farm Stand,Bronx,Orloff Ave & Gale Pl,208,40.884532,-73.892172,Wednesday,2 p.m. - 7 p.m.,,Yes,No,No
2026,4th Ave Sunset Park Greenmarket,Brooklyn,4th Ave. 60th St.,307,40.647975,-74.003744,Saturday,8 a.m. - 3 p.m.,,Yes,No,No
2026,7th Ave Sunset Park Greenmarket,Brooklyn,7th Ave. & 44th St.,307,40.645841,-74.002402,Saturday,8 a.m. - 3 p.m.,,Yes,Yes,No
2026,Bartel-Pritchard Square Greenmarket,Brooklyn,Prospect Park W at 15th St.,355,40.661354,-73.96968,Wednesday & Sunday (starting 5/5),8 a.m. - 2 p.m. (W); 9 a.m. - 2 p.m. (SU),,Yes,Yes (Wednesday only),No
2026,Bay Ridge Greenmarket,Brooklyn,3rd Ave. & 95th St.,310,40.61781,-74.03338,Saturday,8 a.m. - 3 p.m.,,Yes,No,No
2026,Bensonhurst Greenmarket,Brooklyn,18th Ave. bet. 81st & 82nd Sts,311,40.609588,-73.999677,Sunday,8 a.m. - 3 p.m.,,Yes,No,No
2026,Boro Park Greenmarket,Brooklyn,14th Ave. bet. 49th & 50th Sts,312,40.633285,-73.990548,Thursday,8 a.m. - 2 p.m.,,Yes,No,No
2026,Brooklyn Borough Hall Greenmarket,Brooklyn,Montague & Court Sts,302,40.693722,-73.990455,Tusday & Saturday,8 a.m. - 3 p.m.,,Yes,Yes,No
2026,Carroll Gardens Greenmarket,Brooklyn,Smith & Carroll Sts,306,40.680761,-73.99552,Sunday,8 a.m. - 2 p.m.,,Yes,Yes,No
2026,Cortelyou Greenmarket,Brooklyn,Cortelyou Rd. bet. Rugby & Argyle Rds,314,40.64051,-73.966021,Sunday,8 a.m. - 2 p.m.,,Yes,Yes,No
2026,Domino Park Greenmarket,Brooklyn,River St between S 3rd & S 4th Sts,301,40.714037,-73.967586,Sunday,8 a.m. - 3 p.m.,,Yes,No,No
2026,Down to Earth McGolrick Park Farmers Market,Brooklyn,108 Russell St.,301,40.724305,-73.944271,Sunday,9 a.m. - 2 p.m.,,Yes,Yes,No
2026,Down to Earth Park Slope Farmers Market,Brooklyn,289 4th St.,306,40.672424,-73.984257,Sunday,9 a.m. - 2 p.m.,,Yes,Yes,No
2026,East New York Farmers Market,Brooklyn,Schenck Avenue and New Lots Avenue,305,40.664602,-73.886803,Saturday,9 a.m. - 3 p.m.,,Yes,No,Yes
2026,Fort Greene Greenmarket,Brooklyn,Washington Park & Dekalb Ave.,302,40.691457,-73.973421,Saturday,8 a.m. - 3 p.m.,,Yes,Yes,No
2026,Fresh Vibes Market at Brookdale Hospital,Brooklyn,1 Brookdale Plaza,317,40.654163,-73.911584,Friday (1st and 3rd of each month),11 a.m. - 2 p.m.,,No,Yes,No
2026,Fresh Vibes Market at Medgar Evers College,Brooklyn,1650 Bedford Ave.,309,40.666269,-73.956676,Monday (1st and 3rd),11 a.m. - 2 p.m.,,No,yes,No
2026,Fresh Vibes Market at the Bureau of Brooklyn Neighborhood Health,Brooklyn,485 Throop Ave.,303,40.685654,-73.941462,Friday (2nd and 4th),11 a.m. - 3 p.m.,,No,Yes,Yes
2026,Grand Army Plaza Greenmarket,Brooklyn,Grand Army Plaza,308,40.672525,-73.969799,Saturday,8 a.m. - 4 p.m.,,Yes,Yes,No
2026,Harvest Home Brower Park Farm Stand,Brooklyn,Brooklyn Ave. & Prospect Pl.,308,40.674,-73.944544,Thursday,8 a.m - 3 p.m.,,Yes,No,No
2026,Harvest Home Coney Island Hospital Farmers Market,Brooklyn,Ocean Pkwy bet. Avenue Z & Shore Pkwy.,313,40.5867,-73.96615,Friday,8 a.m. - 3 p.m.,,Yes,No,No
2026,Harvest Home Kings County Hospital Farmers Market,Brooklyn,Clarkson Ave. bet. E. 37th & 38th Sts.,317,40.6558,-73.943355,Wednesday,8 a.m. - 3 p.m.,,Yes,No,No
2026,Isabahlia Farmers Market at ISO Student Farm,Brooklyn,514 Rockaway Ave (ISO Student Farm),316,40.667554,-73.910207,Friday & Saturday,8:30 a.m. - 3 p.m.,,Yes,No,No
2026,Isabahlia Farmers Market at Powell Street Garden,Brooklyn,410 Livonia Ave (In Front of Powell Street Garden),316,40.663532,-73.902236,Friday & Saturday,8:30 a.m. - 3 p.m.,,Yes,No,No
2026,McCarren Park Greenmarket,Brooklyn,N 12th btwn Union & Driggs Aves,301,40.719219,-73.952479,Saturday,8 a.m. - 3 p.m.,,Yes,Yes,No
2026,Opp Hub Farmstand,Brooklyn,1390 Pennsylvania Ave,403,40.647788,-73.881704,Thursday,2 - 5 p.m.,,Yes,No,No
2026,Red Hook Farm Stand,Brooklyn,560 Columbia St.,306,40.672524,-74.00871,Saturday,10 a.m. - 2 p.m.,,Yes,No,No
2026,RiseBoro Farmers Markets at Hope Ballfield,Brooklyn,Knickerbocker Ave. bet. Menahan & Grove Sts.,304,40.69768,-73.916366,Wednesday,9 a.m. - 3 p.m.,,Yes,No,No
2026,RiseBoro Farmers Markets at Irving Square Park,Brooklyn,"Knickerbocker Ave., bet. Weirfield & Halsey Sts.",304,40.693761,-73.909497,Sunday,10 a.m. - 3 p.m.,,Yes,No,No
2026,RiseBoro Farmers Markets at Maria Hernandez,Brooklyn,Knickerbocker Ave. bet. Sudyam & Starr Sts.,304,40.702811,-73.92539,Saturday,8 a.m. - 3 p.m.,,Yes,No,Yes
2026,Saratoga Farm Stand,Brooklyn,1965-1971 Fulton St.,316,40.678562,-0.000079704,Tuesday-Saturday,10 a.m. - 2 p.m.,,Yes,No,No
2026,Wyckoff House Museum Farmstand,Brooklyn,5816 Clarendon Rd,317,40.64497,-73.920914,Saturday,11 a.m. - 3 p.m.,,Yes,No,No
2026,175th Street Greenmarket,Manhattan,W. 175th St. bet. Wadsworth Ave. & Broadway,112,40.845948,-73.937811,Thursday,8 a.m. - 4p.m.,,Yes,No,No
2026,57th Street Greenmarket,Manhattan,Tenth Avenue & W 57th Street,104,40.769117,-73.988559,Saturday,8 a.m. - 4 p.m.,,Yes,No,No
2026,79th Street Greenmarket,Manhattan,79th St. & Columbus Ave.,107,40.782295,-73.975244,Sunday,9 a.m. - 4 p.m,,Yes,Yes,No
2026,82nd Street Greenmarket,Manhattan,82nd St. bet. 1st & York Aves,108,40.774292,-73.951262,Saturday,9 a.m. - 2:30 p.m.,,Yes,Yes,No
2026,97th Street Greenmarket,Manhattan,97th St. bet. Columbus & Amsterdam Aves,107,40.794003,-73.96807,Friday,8 a.m. - 2 p.m.,,Yes,Yes,No
2026,Abingdon Square Park Greenmarket,Manhattan,Hudson St. & W 12th St.,102,40.737553,-74.005687,Saturday,8 a.m. - 2 p.m.,,Yes,Yes,No
2026,Bowling Green Greenmarket,Manhattan,Broadway at Battery Pl.,101,40.704549,-74.01429,Tuesday,8 a.m. - 3 p.m.,,Yes,No,No
2026,Bro Sis Green Youth Market,Manhattan,"Amsterdam bet W 143rd & 144th Sts., at Johnny Hartman Plaza",109,40.82394,-73.948552,Wednesday,10:30 a.m. - 6 p.m.,,Yes,No,No
2026,City Hall Greenmarket,Manhattan,Broadway & Chambers St,101,40.714349,-74.006172,Tuesdays,8 a.m. - 4 p.m.,,Yes,No,No
2026,Columbia Greenmarket,Manhattan,Broadway & W. 114th St.,109,40.807145,-73.964265,Thursday & Sunday,8 a.m. - 4 p.m.,,Yes,Yes,No
2026,Dag Hammarskjold Greenmarket,Manhattan,E 47th St & 2nd Ave,106,40.752122,-73.968154,Wednesday,8 a.m. - 3 p.m.,,Yes,Yes,No
2026,Down to Earth Battery Park City Farmers Market,Manhattan,2-4 River Terrace,101,40.715534,-74.016651,Sundays,9 a.m. - 2 p.m.,,Yes,No,No
2026,Down to Earth Chelsea Farmers Market,Manhattan,355 W. 23rd St.,104,40.745944,-74.000004,Saturday,9 a.m. - 2 p.m.,,Yes,No,No
2026,Down to Earth Morningside Park Farmers Market,Manhattan,237-331 Manhattan Ave.,107,40.801263,-73.959582,Saturday,9 a.m. - 2 p.m.,,Yes,Yes,No
2026,Fort Washington Greenmarket,Manhattan,168th St. & Ft. Washington Ave.,112,40.842296,-73.942027,Tuesday,8 a.m. - 4 p.m.,,Yes,No,No
2026,Grass Roots Farmers' Market,Manhattan,"W 145th St bet Edgecombe & Bradhurst Aves, at Jackie Robinson Park",109,40.823647,-73.943844,Tuesday & Saturday,9 a.m. - 4 p.m.,,Yes,No,Yes
2026,Greenmarket at Rockefeller Center,Manhattan,Rockefeller Center Plaza at 50th St.,105,40.759204,-73.978335,Wednesday,8 a.m. - 5 p.m.,,Yes,No,No
2026,Harvest Home East Harlem Farmers Market,Manhattan,E. 104th St. & 3rd Ave.,111,40.7903,-73.945635,Thursday,8 a.m. - 3 p.m.,,Yes,No,No
2026,Harvest Home Harlem Hospital Farmers Market,Manhattan,W. 137th St. & Lenox Ave.,110,40.815403,-73.93991,Friday,8 a.m. - 3 p.m.,,Yes,No,No
2026,Harvest Home Lenox Avenue Farm Stand,Manhattan,151 Lenox Ave,110,40.80302,-73.948966,Saturday,8 a.m. - 3 p.m.,,Yes,No,No
2026,Harvest Home Metropolitan Hospital Farmers Market,Manhattan,E. 97th St. & 2nd Ave.,111,40.784943,-73.946589,Friday,8 a.m. - 3 p.m.,,Yes,No,No
2026,Inwood Greenmarket,Manhattan,Isham St. bet. Seaman Ave. & Cooper St.,112,40.869001,-73.920896,Saturday,8 a.m. - 3 p.m.,,Yes,Yes,No
2026,Mount Sinai Greenmarket,Manhattan,99th St. & Madison Ave.,111,40.789386,-73.952595,Wednesday,8 a.m. - 3 p.m.,,Yes,No,No
2026,Ruppert Park Greenmarket,Manhattan,90th Street & 2nd Avenue,108,40.780294,-73.949521,Sunday,9 a.m. - 3 p.m.,,Yes,No,No
2026,Seaport Farmers Market,Manhattan,South St at Burling Slip bet. Fulton & John Sts. (near Imagination Playground),101,40.706076,-74.004202,Saturday,10 a.m. - 4 p.m.,,Yes,No,No
2026,Stuyvesant Town Greenmarket,Manhattan,"South end of Stuyvesant Town Oval, near 14th Street Loop between 1st Avenue & Avenue A",106,40.731498,-73.97818,Sunday,9:30 a.m. - 4 p.m.,,Yes,No,No
2026,Tompkins Square Greenmarket,Manhattan,7th St. & Avenue A,103,40.726054,-73.983534,Sunday,9 a.m. - 4 p.m.,,Yes,Yes,No
2026,Tribeca Greenmarket,Manhattan,Greenwich & Chambers Sts.,101,40.716303,-74.010966,Saturday,8 a.m. - 2 p.m.,,Yes,Yes,No
2026,Tucker Square Greenmarket,Manhattan,W 66th St. & Broadway,107,40.773709,-73.98196,Thursday & Saturday,8 a.m. - 4 p.m.,,Yes,Yes,No
2026,Two Bridges Youth Market,Manhattan,50 Madison St.,103,40.711958,-73.997825,Sunday,10:30 a.m. - 3:00 p.m.,,Yes,No,Yes
2026,Union Square Greenmarket,Manhattan,Union Square West & 17th St.,105,40.737133,-73.990329,"Monday, Wednesday, Friday & Saturday",8 a.m. - 6 p.m.,,Yes,Yes,No
2026,UnityMarketsNY at Central Park North,Manhattan,W 110th Street & Lenox Ave,110,40.79718,-73.94992,Saturday,10 a.m. - 5 p.m.,,Yes,No,No
2026,Uptown Good Food Farm Stand & CSA,Manhattan,330 St. Nicholas Ave.,110,40.81172,-73.951795,Thursday,4 p.m. - 7 p.m.,,Yes,No,No
2026,Uptown Good Food Farmers Market,Manhattan,"St Nicholas Ave &, W 137th St (St. Nicholas Park)",110,40.818521,-73.947392,Saturday,9 a.m. - 3 p.m.,,Yes,No,No
2026,Corona Greenmarket,Queens,Roosevelt Ave. & 103rd St.,403,40.749869,-73.862726,Friday,8 a.m. - 3 p.m.,,Yes,No,No
2026,Down to Earth Cunningham Park Farmers Market,Queens,19600 Union Turnpike,408,40.730929,-73.774773,Sunday,9 a.m. - 2 p.m.,,Yes,No,No
2026,Edgemere Farm Market,Queens,385 Beach 45th St,414,40.595255,-73.776524,Friday & Saturday,3 p.m. - 6 p.m. (Friday); 10 a.m. - 2 p.m. (Saturday),,Yes,No,No
2026,Elmhurst Hospital Greenmarket,Queens,41st Ave. bet. 80th & 81st Sts,404,40.745794,-73.885489,Tuesday,8 a.m. - 3 p.m.,,Yes,No,No
2026,Far Rock Farm Stand,Queens,45-55 Beach Channel Dr.,414,40.595572,-73.777001,Tuesday-Saturday,10 a.m. - 2 p.m.,,Yes,No,No
2026,Flushing Greenmarket,Queens,Sanford Ave. & Union St. (Bowne Playground),407,40.757731,-73.824852,Wednesday,8 a.m. - 3 p.m.,,Yes,No,No
2026,Forest Hills Greenmarket,Queens,Queens Blvd. & 70th Ave.,406,40.722054,-73.847155,Sunday,8 a.m. - 2 p.m.,,Yes,Yes,No
2026,Jackson Heights Greenmarket,Queens,34th Ave. & 79th St.,403,40.753607,-73.887739,Sunday,8 a.m. - 3 p.m.,,Yes,Yes,No
2026,Perez Farm Stand,Queens,"134-20 Jamaica Avenue, by the Axel Building",409,40.70236,-73.818531,Wednesday,10 a.m. - 4 p.m.,,Yes,No,No
2026,Queens County Farm Museum Farm Stand,Queens,73-50 Little Neck Pkwy,413,40.748163,-73.719431,Wednesday - Sunday,10 a.m. - 4 p.m.,,Yes,No,No
2026,"Queens Farm Farmstand at Queens Community House, Pomonok",Queens,67-09 Kissena Blvd,408,40.735033,-73.814726,Friday,11 a.m. - 5 p.m.,,Yes,No,No
2026,Sunnyside Greenmarket,Queens,Skillman Ave. & 43rd St.,402,40.74701,-73.92173,Saturday,8 a.m. - 3 p.m.,,Yes,Yes,No
2026,Heritage Farm Stand (Compost Demonstration Site),Staten Island,1000 Richmond Terrace (compost demonstration site),501,40.645075,-74.104753,Thursday & Saturday,3:30 p.m. - 6 p.m. (Thursday); 9 a.m. - 12 p.m. (Saturday),,Yes,No,No
2026,St. George Greenmarket,Staten Island,St Marks Pl. & Hyatt St.,501,40.641586,-74.0779,Saturday,8 a.m. - 1 p.m.,,Yes,Yes,No
2026,Staten Island Mall Greenmarket,Staten Island,Marsh Ave. & Ring Rd.,502,40.583804,-74.161245,Saturday,8 a.m. - 1 p.m.,,Yes,No,No
